Mouse,Human,Key
Acadl,ACADL,1
Acadvl,ACADVL,2
Asic2,ASIC2,3
Ace,ACE,4
Ache,ACHE,5
Aco1,ACO1,6
Chrna1,CHRNA1,7
Chrna4,CHRNA4,8
Chrna6,CHRNA6,9
Chrna7,CHRNA7,10
Chrnb1,CHRNB1,11
Chrnb2,CHRNB2,12
Chrnd,CHRND,13
Chrne,CHRNE,14
Chrng,CHRNG,15
Acta1,ACTA1,16
Actb,ACTB,17
Actc1,ACTC1,18
Aspa,ASPA,19
Adam19,ADAM19,20
Adamts1,ADAMTS1,21
Adcy6,ADCY6,22
Adcy7,ADCY7,23
Adcy8,ADCY8,24
Adcy9,ADCY9,25
Adcyap1,ADCYAP1,26
Adcyap1r1,ADCYAP1R1,27
Adk,ADK,28
Adm,ADM,29
Adra1a,ADRA1A,30
Adra1d,ADRA1D,31
Adra2a,ADRA2A,32
Adra2b,ADRA2B,33
Adrb1,ADRB1,34
Adssl1,ADSSL1,35
Avil,AVIL,36
Agrn,AGRN,37
Agrp,AGRP,38
Aif1,AIF1,39
Crybg1,AIM1,40
Aire,AIRE,41
Ak1,AK1,42
Ak4,AK4,43
Alcam,ALCAM,44
Abcd1,ABCD1,45
Aldh1a1,ALDH1A1,46
Aldh2,ALDH2,47
Aldoc,ALDOC,48
Akr1b3,AKR1B1,49
Alk,ALK,50
Ampd3,AMPD3,51
Ank,ANKH,52
Ank1,ANK1,53
Slc25a5,SLC25A5,54
Anxa11,ANXA11,55
Anxa3,ANXA3,56
Anxa4,ANXA4,57
Anxa5,ANXA5,58
Anxa6,ANXA6,59
Prdx3,PRDX3,60
Ap1b1,AP1B1,61
Ap2a2,AP2A2,62
Ap3s1,AP3S1,63
Apba2,APBA2,64
Apbb1,APBB1,65
Apbb2,APBB2,66
Apoe,APOE,67
Nr2f2,NR2F2,68
App,APP,69
Aqp2,AQP2,70
Aqp3,AQP3,71
Aqp4,AQP4,72
Ar,AR,73
Rplp0,RPLP0,74
Arc,ARC,75
Arf1,ARF1,76
Arf3,ARF3,77
Arg2,ARG2,78
Arhgap5,ARHGAP5,79
Rnd2,RND2,80
Arntl,ARNTL,81
Arx,ARX,82
Arsa,ARSA,83
Asgr1,ASGR1,84
Zfhx3,ZFHX3,85
Atf3,ATF3,86
Atm,ATM,87
Neurod6,NEUROD6,88
Atp1a1,ATP1A1,89
Atp1b2,ATP1B2,90
Atp2a2,ATP2A2,91
Atp5a1,ATP5A1,92
Atp5j,ATP5J,93
Atp6v1a,ATP6V1A,94
Atp6v1b2,ATP6V1B2,95
Atp6v1e1,ATP6V1E1,96
Atp6v0a1,ATP6V0A1,97
Atp8a1,ATP8A1,98
Atp10a,ATP10A,99
Atpif1,ATPIF1,100
Atp6v0c,ATP6V0C,101
Slc7a3,SLC7A3,102
Avp,AVP,103
Axin1,AXIN1,104
Axin2,AXIN2,105
B2m,B2M,106
Bad,BAD,107
Bag1,BAG1,108
Barx2,BARX2,109
Bcan,BCAN,110
Bcap29,BCAP29,111
Bcat1,BCAT1,112
Bche,BCHE,113
Bckdhb,BCKDHB,114
Bcl6,BCL6,115
Bcl7b,BCL7B,116
Opn1sw,OPN1SW,117
Bdnf,BDNF,118
Bex3,NGFRAP1,119
Bcl2l11,BCL2L11,120
Fabp7,FABP7,121
Bmp4,BMP4,122
Bmp5,BMP5,123
Bmp7,BMP7,124
Bnip3,BNIP3,125
Bpgm,BPGM,126
Brs3,BRS3,127
Bsg,BSG,128
Bsn,BSN,129
Btg1,BTG1,130
Btg2,BTG2,131
Btg3,BTG3,132
Btrc,BTRC,133
Tspo,TSPO,134
C1qa,C1QA,135
C1qc,C1QC,136
Cacna1e,CACNA1E,137
Cacna1g,CACNA1G,138
Cacna2d1,CACNA2D1,139
Cacna2d3,CACNA2D3,140
Cacnb3,CACNB3,141
Cacnb4,CACNB4,142
Cacybp,CACYBP,143
Ddr1,DDR1,144
Anxa2,ANXA2,145
Calb1,CALB1,146
Calb2,CALB2,147
Calca,CALCB,148
Calcr,CALCR,149
Car8,CA8,150
Camk2a,CAMK2A,151
Camk4,CAMK4,152
Caml,CAMLG,153
Cap1,CAP1,154
Capn2,CAPN2,155
Capns1,CAPNS1,156
Capzb,CAPZB,157
Car2,CA2,158
Car4,CA4,159
Car7,CA7,160
Casp9,CASP9,161
Casq1,CASQ1,162
Casq2,CASQ2,163
Casr,CASR,164
Cast,CAST,165
Ctnna2,CTNNA2,166
Ctnnb1,CTNNB1,167
Runx2,RUNX2,168
Cbfa2t3,CBFA2T3,169
Cbfb,CBFB,170
Cbln2,CBLN2,171
Cbs,CBS,172
Cbx5,CBX5,173
Rb1cc1,RB1CC1,174
Cck,CCK,175
Cckar,CCKAR,176
Ccnd2,CCND2,177
Ccng1,CCNG1,178
Ccni,CCNI,179
Cct2,CCT2,180
Cct8,CCT8,181
Ctla4,CTLA4,182
Cd1d1,CD1D,183
Cd34,CD34,184
Scarb2,SCARB2,185
Entpd1,ENTPD1,186
Cd4,CD4,187
Cd44,CD44,188
Cd6,CD6,189
Cd81,CD81,190
Cd8b1,CD8B,191
Cd9,CD9,192
Cdc25b,CDC25B,193
Arhgap31,ARHGAP31,194
Cdh11,CDH11,195
Cdh13,CDH13,196
Cdh15,CDH15,197
Cdh2,CDH2,198
Cdh4,CDH4,199
Cdh6,CDH6,200
Cdh8,CDH8,201
Cdh9,CDH9,202
Cdk5,CDK5,203
Cdk5r1,CDK5R1,204
Cdkn1a,CDKN1A,205
Cdkn1b,CDKN1B,206
Cdkn2b,CDKN2B,207
Cdkn2c,CDKN2C,208
Cdo1,CDO1,209
Cdr2,CDR2,210
Cebpa,CEBPA,211
Cebpd,CEBPD,212
Cer1,CER1,213
Chat,CHAT,214
Chga,CHGA,215
Chgb,CHGB,216
Ovgp1,OVGP1,217
Chl1,CHL1,218
Chml,CHML,219
Chrd,CHRD,220
Chrm1,CHRM1,221
Chrm3,CHRM3,222
Chrm4,CHRM4,223
Chuk,CHUK,224
Vsx2,VSX2,225
Cidea,CIDEA,226
Cish,CISH,227
Cit,CIT,228
Cited1,CITED1,229
Ckb,CKB,230
Clcn2,CLCN2,231
Clcn5,CLCN5,232
Clns1a,CLNS1A,233
Cldn1,CLDN1,234
Cldn5,CLDN5,235
Clgn,CLGN,236
Clk2,CLK2,237
Clock,CLOCK,238
Clta,CLTA,239
Clu,CLU,240
Ccr1,CCR1,241
Ccr10,CCR10,242
Cnih1,CNIH1,243
Cnih2,CNIH2,244
Cnp,CNP,245
Cnr2,CNR2,246
Cntfr,CNTFR,247
Cntn1,CNTN1,248
Coch,COCH,249
Col12a1,COL12A1,250
Col14a1,COL14A1,251
Col15a1,COL15A1,252
Col18a1,COL18A1,253
Col19a1,COL19A1,254
Col4a2,COL4A2,255
Col4a5,COL4A5,256
Col5a1,COL5A1,257
Col5a2,COL5A2,258
Col6a1,COL6A1,259
Col9a1,COL9A1,260
Col9a2,COL9A2,261
Col9a3,COL9A3,262
Copa,COPA,263
Cort,CORT,264
Cox4i1,COX4I1,265
Cox6a2,COX6A2,266
Cpe,CPE,267
Cpeb1,CPEB1,268
Cplx1,CPLX1,269
Cpne6,CPNE6,270
Cpt1a,CPT1A,271
Crat,CRAT,272
Crh,CRH,273
Crhbp,CRHBP,274
Crhr1,CRHR1,275
Crhr2,CRHR2,276
Crlf1,CRLF1,277
Cr1l,CR1L,278
Cry2,CRY2,279
Cryaa,CRYAA,280
Cryab,CRYAB,281
Crym,CRYM,282
Cs,CS,283
Csk,CSK,284
Vcan,VCAN,285
Csrp1,CSRP1,286
Cst3,CST3,287
Ctbp2,CTBP2,288
Ctf1,CTF1,289
Ctsb,CTSB,290
Ctsl,CTSV,291
Ctss,CTSS,292
Ctsw,CTSW,293
Cttn,CTTN,294
Cux2,CUX2,295
Cx3cr1,CX3CR1,296
Cyb561,CYB561,297
Cyp2j6,CYP2J2,298
Cyp46a1,CYP46A1,299
Cyp7b1,CYP7B1,300
Dab1,DAB1,301
Dach1,DACH1,302
Dad1,DAD1,303
Dag1,DAG1,304
Slc6a3,SLC6A3,305
Dbh,DBH,306
Dbi,DBI,307
Dbp,DBP,308
Dcc,DCC,309
Dcn,DCN,310
Pcbd1,PCBD1,311
Ddc,DDC,312
Ddn,DDN,313
Ddt,DDT,314
Ddx3x,DDX3X,315
Ddx5,DDX5,316
Dffa,DFFA,317
Ackr1,DARC,318
Dkk1,DKK1,319
Mpp3,MPP3,320
Dlk1,DLK1,321
Dlx1,DLX1,322
Dlx2,DLX2,323
Dlx3,DLX3,324
Dlx5,DLX5,325
Dmwd,DMWD,326
Dmp1,DMP1,327
Tmc1,TMC1,328
Dnah11,DNAH11,329
Doc2a,DOC2A,330
Doc2b,DOC2B,331
Dok1,DOK1,332
Dok2,DOK2,333
Dpp4,DPP4,334
Dpp6,DPP6,335
Drd1,DRD1,336
Drd2,DRD2,337
Drd3,DRD3,338
Dtna,DTNA,339
Dvl2,DVL2,340
Dyrk1a,DYRK1A,341
Dyrk1b,DYRK1B,342
E2f1,E2F1,343
E4f1,E4F1,344
Mapre1,MAPRE1,345
Ecel1,ECEL1,346
Sparcl1,SPARCL1,347
Opn3,OPN3,348
S1pr1,S1PR1,349
Ednrb,EDNRB,350
Eef1a1,EEF1A1,351
Eef2,EEF2,352
Efna1,EFNA1,353
Efna3,EFNA3,354
Efna5,EFNA5,355
Efnb2,EFNB2,356
Efnb3,EFNB3,357
Rhbdf1,RHBDF1,358
Egr1,EGR1,359
Egr2,EGR2,360
Elk1,ELK1,361
Emb,EMB,362
Emp1,EMP1,363
En2,EN2,364
Enc1,ENC1,365
Eno2,ENO2,366
Enpep,ENPEP,367
Eomes,EOMES,368
Epb41l1,EPB41L1,369
Epb41l2,EPB41L2,370
Epha1,EPHA1,371
Epha3,EPHA3,372
Epha4,EPHA4,373
Epha6,EPHA6,374
Epha7,EPHA7,375
Epha8,EPHA8,376
Ephb3,EPHB3,377
Ephx2,EPHX2,378
Eps15,EPS15,379
Eps15l1,EPS15L1,380
Nr2f6,NR2F6,381
Nr2f1,NR2F1,382
Erbb2,ERBB2,383
Esr1,ESR1,384
Khdrbs3,KHDRBS3,385
Chchd2,CHCHD2,386
Etv1,ETV1,387
Evi5,EVI5,388
Bcl11a,BCL11A,389
Eya1,EYA1,390
Eya4,EYA4,391
F2r,F2R,392
F2rl1,F2RL1,393
F3,F3,394
F5,F5,395
Fabp3,FABP3,396
Ptk2,PTK2,397
Fscn1,FSCN1,398
Fasn,FASN,399
Fbln1,FBLN1,400
Fbln2,FBLN2,401
Fbn2,FBN2,402
Fbrs,FBRS,403
Fdft1,FDFT1,404
Fem1a,FEM1A,405
Lgr5,LGR5,406
Fgf12,FGF12,407
Fgf13,FGF13,408
Fgfr1,FGFR1,409
Fgfr2,FGFR2,410
Fgfr3,FGFR3,411
Fh1,FH,412
Fhl2,FHL2,413
Ppm1g,PPM1G,414
Ctgf,CTGF,415
Fjx1,FJX1,416
Fkbp10,FKBP10,417
Foxi1,FOXI1,418
Flot2,FLOT2,419
Flt1,FLT1,420
Fmo1,FMO1,421
Fn1,FN1,422
Fnta,FNTA,423
Folr2,FOLR2,424
Fos,FOS,425
Ncs1,NCS1,426
Fst,FST,427
Fstl1,FSTL1,428
Dtx1,DTX1,429
Fyn,FYN,430
Fzd1,FZD1,431
Fzd3,FZD3,432
Fzd4,FZD4,433
Fzd5,FZD5,434
Fzd6,FZD6,435
Fzd8,FZD8,436
Fzd9,FZD9,437
Gaa,GAA,438
Gabpb1,GABPB1,439
Gabra1,GABRA1,440
Gabra2,GABRA2,441
Gabra3,GABRA3,442
Gabra4,GABRA4,443
Gabra6,GABRA6,444
Gabrb1,GABRB1,445
Gabrb3,GABRB3,446
Gabrg1,GABRG1,447
Gabrg3,GABRG3,448
Gabrr1,GABRR1,449
Gad1,GAD1,450
Gad2,GAD2,451
Gal,GAL,452
Galr1,GALR1,453
Galr2,GALR2,454
Gap43,GAP43,455
Gas1,GAS1,456
Gas6,GAS6,457
Gas7,GAS7,458
Gata2,GATA2,459
Gata3,GATA3,460
Gba,GBA,461
Nipsnap2,GBAS,462
Gbx2,GBX2,463
Gcgr,GCGR,464
Gch1,GCH1,465
Gda,GDA,466
Gdap2,GDAP2,467
Gpd1,GPD1,468
Gdf1,GDF1,469
Gdi2,GDI2,470
Arhgdig,ARHGDIG,471
Gpd2,GPD2,472
Gdnf,GDNF,473
Gem,GEM,474
Gfap,GFAP,475
Gfpt2,GFPT2,476
Gfra1,GFRA1,477
Gfra2,GFRA2,478
B4galt1,B4GALT1,479
Ghrh,GHRH,480
Tsc22d3,TSC22D3,481
Gpr83,GPR83,482
Gjb5,GJB5,483
Gli3,GLI3,484
Glul,GLUL,485
Glp1r,GLP1R,486
Glra1,GLRA1,487
Glrb,GLRB,488
Gls,GLS,489
Glud1,GLUD1,490
Slc6a9,SLC6A9,491
Gm2a,GM2A,492
Gnai2,GNAI2,493
Gnal,GNAL,494
Gnao1,GNAO1,495
Gnas,GNAS,496
Gnat1,GNAT1,497
Gnaz,GNAZ,498
Gnb1,GNB1,499
Gnb2,GNB2,500
Gnb4,GNB4,501
Gng2,GNG2,502
Gng3,GNG3,503
Gng4,GNG4,504
Gng7,GNG7,505
Gnrh1,GNRH1,506
Got2,GOT2,507
Gpc1,GPC1,508
Gpc3,GPC3,509
Gpc4,GPC4,510
Lpar1,LPAR1,511
Cmklr1,CMKLR1,512
Gpr3,GPR3,513
Pigq,PIGQ,514
Gpm6b,GPM6B,515
Gpr50,GPR50,516
Gpx2,GPX2,517
Gpx3,GPX3,518
Grb7,GRB7,519
Gpr162,GPR162,520
P3h3,LEPREL2,521
Gria2,GRIA2,522
Grid1,GRID1,523
Grid2,GRID2,524
Grik1,GRIK1,525
Grik3,GRIK3,526
Grik5,GRIK5,527
Grin1,GRIN1,528
Grin2b,GRIN2B,529
Grin2c,GRIN2C,530
Grin2d,GRIN2D,531
Nr3c1,NR3C1,532
Grm1,GRM1,533
Grn,GRN,534
Pdia3,PDIA3,535
Gstm4,GSTM4,536
Gsto1,GSTO1,537
Guk1,GUK1,538
H2-Eb1,HLA-DRB5,539
H2-T23,HLA-E,540
Hap1,HAP1,541
Hars,HARS,542
Hba-a1,HBA1,543
Hc,C5,544
Hcn1,HCN1,545
Hcn2,HCN2,546
Hdac6,HDAC6,547
Hdc,HDC,548
Hdgf,HDGF,549
Hebp1,HEBP1,550
Hes1,HES1,551
Hes3,HES3,552
Hexb,HEXB,553
Foxd3,FOXD3,554
Foxg1,FOXG1,555
Hgf,HGF,556
Hhip,HHIP,557
Hint1,HINT1,558
Hmgcr,HMGCR,559
Hmga1,HMGA1,560
Hmox2,HMOX2,561
Hmx3,HMX3,562
Foxa1,FOXA1,563
Hnf4a,HNF4A,564
Hoxa5,HOXA5,565
Hoxd9,HOXD9,566
Hpca,HPCA,567
Hpd,HPD,568
Hrh1,HRH1,569
Prmt2,PRMT2,570
Hsd11b1,HSD11B1,571
Hsf1,HSF1,572
Hspb1,HSPB1,573
Sdc2,SDC2,574
Htr1a,HTR1A,575
Htr2b,HTR2B,576
Htr2c,HTR2C,577
Htr4,HTR4,578
Slc6a4,SLC6A4,579
Elavl2,ELAVL2,580
Ica1,ICA1,581
Icam5,ICAM5,582
Id3,ID3,583
Id4,ID4,584
Ids,IDS,585
Ier3,IER3,586
Ier5,IER5,587
Ifit2,IFIT2,588
Ifit3,IFIT3,589
Ifnar1,IFNAR1,590
Ifngr2,IFNGR2,591
Cyr61,CYR61,592
Igfbp3,IGFBP3,593
Igfbp4,IGFBP4,594
Igfbp5,IGFBP5,595
Igfbp6,IGFBP6,596
Ikbkb,IKBKB,597
Il10ra,IL10RA,598
Il13ra1,IL13RA1,599
Il16,IL16,600
Il17ra,IL17RA,601
Irak1,IRAK1,602
Il4ra,IL4R,603
Ilf3,ILF3,604
Lrig1,LRIG1,605
Impact,IMPACT,606
Inhba,INHBA,607
Inhbb,INHBB,608
Inpp1,INPP1,609
Irx1,IRX1,610
Irx2,IRX2,611
Irf9,IRF9,612
Isl1,ISL1,613
Itga3,ITGA3,614
Itga5,ITGA5,615
Itga7,ITGA7,616
Itgav,ITGAV,617
Itgb1,ITGB1,618
Itgb1bp1,ITGB1BP1,619
Itgb5,ITGB5,620
Itih3,ITIH3,621
Itm2a,ITM2A,622
Itpr1,ITPR1,623
Itpr3,ITPR3,624
Jak1,JAK1,625
F11r,F11R,626
Jun,JUN,627
Junb,JUNB,628
Jup,JUP,629
Kcna1,KCNA1,630
Kcna2,KCNA2,631
Kcna6,KCNA6,632
Kcnab1,KCNAB1,633
Kcnab2,KCNAB2,634
Kcnab3,KCNAB3,635
Kcnb1,KCNB1,636
Kcnc1,KCNC1,637
Kcnc3,KCNC3,638
Kcnd2,KCND2,639
Kcnh1,KCNH1,640
Kcnh3,KCNH3,641
Kcnj15,KCNJ15,642
Kcnj16,KCNJ16,643
Kcnj2,KCNJ2,644
Kcnj3,KCNJ3,645
Kcnj4,KCNJ4,646
Kcnj5,KCNJ5,647
Kcnj6,KCNJ6,648
Kcnj8,KCNJ8,649
Kcnj9,KCNJ9,650
Kcnk1,KCNK1,651
Kcnk2,KCNK2,652
Kcnn4,KCNN4,653
Kcns2,KCNS2,654
Kdr,KDR,655
Kif5a,KIF5A,656
Kif5b,KIF5B,657
Kif5c,KIF5C,658
Kifc2,KIFC2,659
Kifc3,KIFC3,660
Kit,KIT,661
Kl,KL,662
Fabp5,FABP5,663
Klc2,KLC2,664
Serpina3c,SERPINA3,665
Kpna1,KPNA1,666
Kpna4,KPNA4,667
Mafb,MAFB,668
L1cam,L1CAM,669
Stmn1,STMN1,670
Lamb1,LAMB1,671
Lamc2,LAMC2,672
Arhgef2,ARHGEF2,673
Lcat,LCAT,674
Ldlr,LDLR,675
Lef1,LEF1,676
Lepr,LEPR,677
Lgals1,LGALS1,678
Eif2d,EIF2D,679
Lhx1,LHX1,680
Lhx2,LHX2,681
Lhx4,LHX4,682
Lhx5,LHX5,683
Lhx6,LHX6,684
Lhx8,LHX8,685
Lhx9,LHX9,686
Lifr,LIFR,687
Lig1,LIG1,688
Limk1,LIMK1,689
Limk2,LIMK2,690
Lipa,LIPA,691
Llgl1,LLGL1,692
Lmna,LMNA,693
Lmo4,LMO4,694
Lmx1b,LMX1B,695
Phyh,PHYH,696
Sh2b3,SH2B3,697
Loxl1,LOXL1,698
Anxa1,ANXA1,699
Lpl,LPL,700
Lrp5,LRP5,701
Lrp8,LRP8,702
Lrrn2,LRRN2,703
Lrrn3,LRRN3,704
Ltb,LTB,705
Ltbp3,LTBP3,706
Ltk,LTK,707
Lum,LUM,708
Lxn,LXN,709
Blnk,BLNK,710
Ly6e,LY6E,711
Lyz1,LYZ,712
Tm4sf1,TM4SF1,713
Mad1l1,MAD1L1,714
Mxd4,MXD4,715
Man1a,MAN1A1,716
Man2b1,MAN2B1,717
Maoa,MAOA,718
Mas1,MAS1,719
Ascl1,ASCL1,720
Ascl2,ASCL2,721
Matk,MATK,722
Matn2,MATN2,723
Matn4,MATN4,724
Mbp,MBP,725
Mc3r,MC3R,726
Mc4r,MC4R,727
Mcl1,MCL1,728
Mcm5,MCM5,729
Mcm6,MCM6,730
Mdfi,MDFI,731
Mdk,MDK,732
Mecp2,MECP2,733
Mef2c,MEF2C,734
Mef2d,MEF2D,735
Mest,MEST,736
Kitl,KITLG,737
Mgp,MGP,738
Mif,MIF,739
Pias2,PIAS2,740
Mki67,MKI67,741
Marcksl1,MARCKSL1,742
Trpm1,TRPM1,743
Mme,MME,744
Mmp14,MMP14,745
Mmp15,MMP15,746
Mmp16,MMP16,747
Cd200,CD200,748
Mras,MRAS,749
Mrc1,MRC1,750
Msh2,MSH2,751
Msn,MSN,752
Map1a,MAP1A,753
Map2,MAP2,754
Map4,MAP4,755
Mapt,MAPT,756
Mtf2,MTF2,757
Fam89b,FAM89B,758
Mxi1,MXI1,759
Myb,MYB,760
Gadd45b,GADD45B,761
Myl4,MYL4,762
Myo1b,MYO1B,763
Myt1,MYT1,764
Nab1,NAB1,765
Napb,NAPB,766
Nbr1,NBR1,767
Ncam2,NCAM2,768
Ndn,NDN,769
Nek2,NEK2,770
Neurl1a,NEURL1,771
Neurod1,NEUROD1,772
Neurod2,NEUROD2,773
Nfia,NFIA,774
Nfic,NFIC,775
Nfil3,NFIL3,776
Nfix,NFIX,777
Nfkbie,NFKBIE,778
Nefl,NEFL,779
Nfs1,NFS1,780
Nfyc,NFYC,781
Ngfr,NGFR,782
Nhlh1,NHLH1,783
Nhlh2,NHLH2,784
Nid1,NID1,785
Nin,NIN,786
Ninj1,NINJ1,787
Nlk,NLK,788
Nmbr,NMBR,789
Nme1,NME1,790
Nqo1,NQO1,791
Nqo2,NQO2,792
Nnat,NNAT,793
Nog,NOG,794
Nos1,NOS1,795
Notch3,NOTCH3,796
Nov,NOV,797
Npas2,NPAS2,798
Npdc1,NPDC1,799
Pnoc,PNOC,800
Npr1,NPR1,801
Npr3,NPR3,802
Slc11a2,SLC11A2,803
Nrp1,NRP1,804
Nrtn,NRTN,805
Nsdhl,NSDHL,806
Nsf,NSF,807
Ntf3,NTF3,808
Ntn1,NTN1,809
Ntrk1,NTRK1,810
Ntrk2,NTRK2,811
Ntrk3,NTRK3,812
Ddr2,DDR2,813
Ntsr1,NTSR1,814
Nudc,NUDC,815
Oaz2,OAZ2,816
Odc1,ODC1,817
Sebox,SEBOX,818
Ogn,OGN,819
Omg,OMG,820
Oprd1,OPRD1,821
Oprk1,OPRK1,822
Oprl1,OPRL1,823
Oprm1,OPRM1,824
Sigmar1,SIGMAR1,825
Hspa4l,HSPA4L,826
Otc,OTC,827
Cldn11,CLDN11,828
Otp,OTP,829
Otx2,OTX2,830
Oxt,OXT,831
Oxtr,OXTR,832
P2rx1,P2RX1,833
P2rx4,P2RX4,834
P2rx6,P2RX6,835
P2ry2,P2RY2,836
P4ha2,P4HA2,837
P4hb,P4HB,838
Pafah1b1,PAFAH1B1,839
Prdx1,PRDX1,840
Pak1,PAK1,841
Pak3,PAK3,842
Pam,PAM,843
Pax3,PAX3,844
Pax6,PAX6,845
Pax7,PAX7,846
Pax9,PAX9,847
Pbx3,PBX3,848
Pcdh8,PCDH8,849
Pcp4,PCP4,850
Pcsk1,PCSK1,851
Pcsk2,PCSK2,852
Pcsk5,PCSK5,853
Pcsk6,PCSK6,854
Pdcd4,PDCD4,855
Pde1c,PDE1C,856
Pde4b,PDE4B,857
Pde9a,PDE9A,858
Pde6g,PDE6G,859
Pdgfb,PDGFB,860
Pdgfra,PDGFRA,861
Pdha1,PDHA1,862
Pdyn,PDYN,863
Pea15a,PEA15,864
Penk,PENK,865
Per1,PER1,866
Per2,PER2,867
Per3,PER3,868
Pfkfb2,PFKFB2,869
Pfkl,PFKL,870
Pfkm,PFKM,871
Pfn2,PFN2,872
Cdk14,CDK14,873
Pgf,PGF,874
Slc25a3,SLC25A3,875
Pim2,PIM2,876
Pip5k1c,PIP5K1C,877
Pip4k2a,PIP4K2A,878
Pip5k1b,PIP5K1B,879
Pitx1,PITX1,880
Pitx2,PITX2,881
Prkacb,PRKACB,882
Prkca,PRKCA,883
Prkcb,PRKCB,884
Prkcg,PRKCG,885
Prkcd,PRKCD,886
Prkch,PRKCH,887
Prkcq,PRKCQ,888
Prkcz,PRKCZ,889
Pkia,PKIA,890
Pkig,PKIG,891
Lypla1,LYPLA1,892
Papola,PAPOLA,893
Plcb1,PLCB1,894
Plcb4,PLCB4,895
Plcd1,PLCD1,896
Plg,PLG,897
Plk1,PLK1,898
Plp1,PLP1,899
Pltp,PLTP,900
Plxna3,PLXNA3,901
Pmp22,PMP22,902
Ppp1r14b,PPP1R14B,903
Pola1,POLA1,904
Pomc,POMC,905
Cnot7,CNOT7,906
Pou2f1,POU2F1,907
Pou4f1,POU4F1,908
Pou6f1,POU6F1,909
Pparg,PPARG,910
Scand1,SCAND1,911
Ppm1a,PPM1A,912
Ppp1r1b,PPP1R1B,913
Ppp1r17,PPP1R17,914
Ppp2ca,PPP2CA,915
Ppp3ca,PPP3CA,916
Ppp3r1,PPP3R1,917
Ppp3r2,PPP3R2,918
Prkar1b,PRKAR1B,919
Prkar2a,PRKAR2A,920
Prkar2b,PRKAR2B,921
Prkcsh,PRKCSH,922
Prkdc,PRKDC,923
Prkg1,PRKG1,924
Prkg2,PRKG2,925
Mapk11,MAPK11,926
Prlr,PRLR,927
Prnp,PRNP,928
Prox1,PROX1,929
Prph,PRPH,930
Prss12,PRSS12,931
Klk6,KLK6,932
Npepps,NPEPPS,933
Psap,PSAP,934
Psmc2,PSMC2,935
Psmc3,PSMC3,936
Psmd4,PSMD4,937
Psme1,PSME1,938
Psme2,PSME2,939
Pstpip1,PSTPIP1,940
Ptbp1,PTBP1,941
Ptdss1,PTDSS1,942
Ptger4,PTGER4,943
Ptgfr,PTGFR,944
Ptgs1,PTGS1,945
Ptgs2,PTGS2,946
Pthlh,PTHLH,947
Pth1r,PTH1R,948
Ptk2b,PTK2B,949
Ptn,PTN,950
Ptp4a1,PTP4A1,951
Dusp1,DUSP1,952
Ptpn18,PTPN18,953
Ptpn2,PTPN2,954
Ptpn4,PTPN4,955
Ptpn5,PTPN5,956
Sirpa,SIRPA,957
Ptprcap,PTPRCAP,958
Ptprj,PTPRJ,959
Ptprk,PTPRK,960
Ptprm,PTPRM,961
Ptpro,PTPRO,962
Ptprr,PTPRR,963
Ptprs,PTPRS,964
Ptprt,PTPRT,965
Ptprz1,PTPRZ1,966
Cavin1,PTRF,967
Purb,PURB,968
Pvalb,PVALB,969
Pxn,PXN,970
Rab1a,RAB1A,971
Rab12,RAB12,972
Rab6a,RAB6A,973
Dennd5a,DENND5A,974
Rad23b,RAD23B,975
Rad51,RAD51,976
Aldh1a2,ALDH1A2,977
Ran,RAN,978
Rangap1,RANGAP1,979
Rasgrp2,RASGRP2,980
Rarg,RARG,981
Rasal1,RASAL1,982
Rasd1,RASD1,983
Rasgrf1,RASGRF1,984
Rasgrf2,RASGRF2,985
Rasgrp1,RASGRP1,986
Rbbp6,RBBP6,987
Rbm4,RBM4,988
Rbp4,RBP4,989
Pitpnm2,PITPNM2,990
Rdh5,RDH5,991
Rela,RELA,992
Relb,RELB,993
Reln,RELN,994
Resp18,RESP18,995
Rest,REST,996
Rfx1,RFX1,997
Rfxank,RFXANK,998
Slc50a1,SLC50A1,999
Rgs16,RGS16,1000
Rgs2,RGS2,1001
Rgs4,RGS4,1002
Rgs5,RGS5,1003
Rgs9,RGS9,1004
Robo1,ROBO1,1005
Rock2,ROCK2,1006
Slc22a8,SLC22A8,1007
Rpgr,RPGR,1008
Rph3a,RPH3A,1009
Rpn2,RPN2,1010
Sub1,SUB1,1011
Rps12,RPS12,1012
Rps15,RPS15,1013
Rps19,RPS19,1014
Rps5,RPS5,1015
Rps6ka2,RPS6KA2,1016
Rrm2,RRM2,1017
Dhrs3,DHRS3,1018
Rtn2,RTN2,1019
Rtn3,RTN3,1020
Rxrb,RXRB,1021
Rxrg,RXRG,1022
Ncor1,NCOR1,1023
Ryk,RYK,1024
Ryr1,RYR1,1025
S100a10,S100A10,1026
S100a6,S100A6,1027
S100b,S100B,1028
Prrx2,PRRX2,1029
Sar1a,SAR1A,1030
Satb1,SATB1,1031
Atxn1,ATXN1,1032
Scd1,SCD,1033
Scg2,SCG2,1034
Scg3,SCG3,1035
Clec11a,CLEC11A,1036
Stmn2,STMN2,1037
Scn1a,SCN1A,1038
Scn5a,SCN5A,1039
Scnn1g,SCNN1G,1040
Scrg1,SCRG1,1041
Cx3cl1,CX3CL1,1042
Cxcl12,CXCL12,1043
Serpinf1,SERPINF1,1044
Sfrp2,SFRP2,1045
Glg1,GLG1,1046
Sema3a,SEMA3A,1047
Sema3c,SEMA3C,1048
Sema3e,SEMA3E,1049
Sema3f,SEMA3F,1050
Sema4a,SEMA4A,1051
Sema4d,SEMA4D,1052
Sema5a,SEMA5A,1053
Sema5b,SEMA5B,1054
Sema6a,SEMA6A,1055
Sema6c,SEMA6C,1056
Sema7a,SEMA7A,1057
Sez6,SEZ6,1058
Spi1,SPI1,1059
Sfrp1,SFRP1,1060
Frzb,FRZB,1061
Scg5,SCG5,1062
Sh3gl2,SH3GL2,1063
Ostf1,OSTF1,1064
Sorbs1,SORBS1,1065
Shh,SHH,1066
Cyfip1,CYFIP1,1067
St6gal1,ST6GAL1,1068
St3gal3,ST3GAL3,1069
St3gal1,ST3GAL1,1070
St6galnac3,ST6GALNAC3,1071
St8sia1,ST8SIA1,1072
St8sia2,ST8SIA2,1073
St8sia3,ST8SIA3,1074
Sim1,SIM1,1075
Sla,SLA,1076
Slc12a2,SLC12A2,1077
Slc16a2,SLC16A2,1078
Slc18a3,SLC18A3,1079
Slc19a1,SLC19A1,1080
Slc1a1,SLC1A1,1081
Slc1a2,SLC1A2,1082
Slc20a1,SLC20A1,1083
Slc20a2,SLC20A2,1084
Slc22a3,SLC22A3,1085
Slc2a1,SLC2A1,1086
Slc2a3,SLC2A3,1087
Slc2a4,SLC2A4,1088
Slc31a1,SLC31A1,1089
Slc31a2,SLC31A2,1090
Slc4a2,SLC4A2,1091
Slc6a2,SLC6A2,1092
Slc8a1,SLC8A1,1093
Slc9a1,SLC9A1,1094
Slit1,SLIT1,1095
Slit2,SLIT2,1096
Slit3,SLIT3,1097
Smpd1,SMPD1,1098
Sst,SST,1099
Snap25,SNAP25,1100
Snap91,SNAP91,1101
Plk2,PLK2,1102
Sntb1,SNTB1,1103
Sod1,SOD1,1104
Sod3,SOD3,1105
Son,SON,1106
Sorl1,SORL1,1107
Sox10,SOX10,1108
Sox11,SOX11,1109
Sox14,SOX14,1110
Sox2,SOX2,1111
Sox5,SOX5,1112
Sox8,SOX8,1113
Sox9,SOX9,1114
Sp3,SP3,1115
Sall3,SALL3,1116
Sparc,SPARC,1117
Serpini1,SERPINI1,1118
Serpinb6a,SERPINB6,1119
Serpine2,SERPINE2,1120
Serpinb8,SERPINB8,1121
Spint1,SPINT1,1122
Spint2,SPINT2,1123
Sptb,SPTB,1124
Spock1,SPOCK1,1125
Spp1,SPP1,1126
Sptlc2,SPTLC2,1127
Sqle,SQLE,1128
Tmie,TMIE,1129
Scarb1,SCARB1,1130
Srm,SRM,1131
Srp14,SRP14,1132
Srprb,SRPRB,1133
Ssb,SSB,1134
Ssrp1,SSRP1,1135
Stac,STAC,1136
Stam,STAM,1137
Stat1,STAT1,1138
Stat2,STAT2,1139
Stat3,STAT3,1140
Stat5a,STAT5A,1141
Stat5b,STAT5B,1142
Stc1,STC1,1143
Stc2,STC2,1144
Aurka,AURKA,1145
Wnt8a,WNT8A,1146
Bhlhe40,BHLHE40,1147
Stra6,STRA6,1148
Stx1a,STX1A,1149
Stx3,STX3,1150
Stxbp1,STXBP1,1151
Stxbp2,STXBP2,1152
Supt5,SUPT5H,1153
Syn1,SYN1,1154
Syn2,SYN2,1155
Sdc3,SDC3,1156
Syngr3,SYNGR3,1157
Synj2,SYNJ2,1158
Syt1,SYT1,1159
Syt2,SYT2,1160
Syt3,SYT3,1161
Syt4,SYT4,1162
Tac1,TAC1,1163
Tac2,TAC3,1164
Tacc3,TACC3,1165
Tacr1,TACR1,1166
Tacr3,TACR3,1167
Tal1,TAL1,1168
Taldo1,TALDO1,1169
Slc6a6,SLC6A6,1170
Tbp,TBP,1171
Tbr1,TBR1,1172
Tcea1,TCEA1,1173
Tcea2,TCEA2,1174
Tcea3,TCEA3,1175
Hnf1b,HNF1B,1176
Tcf7l1,TCF7L1,1177
Tcf7l2,TCF7L2,1178
Tfap2a,TFAP2A,1179
Tfap2c,TFAP2C,1180
Mlx,MLX,1181
Ubtf,UBTF,1182
Tcn2,TCN2,1183
Phf1,PHF1,1184
Tdg,TDG,1185
Tead1,TEAD1,1186
Tecta,TECTA,1187
Tekt1,TEKT1,1188
Zfand3,ZFAND3,1189
Ppp2r5d,PPP2R5D,1190
Utp4,CIRH1A,1191
Tfam,TFAM,1192
Tff1,TFF1,1193
Tgfb1,TGFB1,1194
Tsc22d1,TSC22D1,1195
Tgfb2,TGFB2,1196
Tgfb3,TGFB3,1197
Tgfbr2,TGFBR2,1198
Tgif1,TGIF1,1199
Th,TH,1200
Thbd,THBD,1201
Thbs2,THBS2,1202
Thbs3,THBS3,1203
Thbs4,THBS4,1204
Thpo,THPO,1205
Thra,THRA,1206
Thrb,THRB,1207
Thrsp,THRSP,1208
Tiam1,TIAM1,1209
Klf10,KLF10,1210
Timp2,TIMP2,1211
Timp3,TIMP3,1212
Nkx2-1,NKX2-1,1213
Atp6v0a2,ATP6V0A2,1214
Tle1,TLE1,1215
Tle3,TLE3,1216
Tle4,TLE4,1217
Tll1,TLL1,1218
Tmod1,TMOD1,1219
Tnc,TNC,1220
Tnnc1,TNNC1,1221
Tnfaip3,TNFAIP3,1222
Tnfrsf11a,TNFRSF11A,1223
Tnfrsf1a,TNFRSF1A,1224
Tnks,TNKS,1225
Tnni1,TNNI1,1226
Tnni3,TNNI3,1227
Tnnt1,TNNT1,1228
Tnnt3,TNNT3,1229
Tnr,TNR,1230
Tns1,TNS1,1231
Top1,TOP1,1232
Tpbg,TPBG,1233
Hsp90b1,HSP90B1,1234
Traf5,TRAF5,1235
Traip,TRAIP,1236
Trh,TRH,1237
Trhr,TRHR,1238
Trp73,TP73,1239
Trpc4,TRPC4,1240
Trpc5,TRPC5,1241
Trpc6,TRPC6,1242
Tsc2,TSC2,1243
Tsg101,TSG101,1244
Ttc3,TTC3,1245
Ttn,TTN,1246
Tuba4a,TUBA4A,1247
Tubb2a,TUBB2A,1248
Tubb4a,TUBB4A,1249
Tyr,TYR,1250
Tyro3,TYRO3,1251
Ube2i,UBE2I,1252
Ube2b,UBE2B,1253
Ube2g2,UBE2G2,1254
Ube2h,UBE2H,1255
Ube3a,UBE3A,1256
Ubr1,UBR1,1257
Uchl1,UCHL1,1258
Ucn,UCN,1259
Ugdh,UGDH,1260
Ugt8a,UGT8,1261
Dpysl3,DPYSL3,1262
Uck1,UCK1,1263
Unc5c,UNC5C,1264
Nr1h3,NR1H3,1265
Upp1,UPP1,1266
Utrn,UTRN,1267
Cdh23,CDH23,1268
Vamp2,VAMP2,1269
Vav2,VAV2,1270
Vcam1,VCAM1,1271
Vdac1,VDAC1,1272
Vdac2,VDAC2,1273
Vegfa,VEGFA,1274
Vegfb,VEGFB,1275
Slc32a1,SLC32A1,1276
Vil1,VIL1,1277
Ezr,EZR,1278
Vill,VILL,1279
Vim,VIM,1280
Vip,VIP,1281
Vipr2,VIPR2,1282
Vldlr,VLDLR,1283
Nrsn1,NRSN1,1284
Vtn,VTN,1285
Tceal9,WBP5,1286
Wfs1,WFS1,1287
Wnt1,WNT1,1288
Wnt10b,WNT10B,1289
Wnt11,WNT11,1290
Wnt9b,WNT9B,1291
Wnt2b,WNT2B,1292
Wnt3,WNT3,1293
Wnt4,WNT4,1294
Wnt5a,WNT5A,1295
Wnt6,WNT6,1296
Wnt7a,WNT7A,1297
Wnt8b,WNT8B,1298
Dctn6,DCTN6,1299
Xk,XK,1300
Atrx,ATRX,1301
Ybx1,YBX1,1302
Siae,SIAE,1303
Map3k19,MAP3K19,1304
Ywhae,YWHAE,1305
Ywhag,YWHAG,1306
Ywhah,YWHAH,1307
Ywhaq,YWHAQ,1308
Ywhaz,YWHAZ,1309
Plagl1,PLAGL1,1310
Zfp57,ZFP57,1311
Zfpm2,ZFPM2,1312
Zic1,ZIC1,1313
Ikzf1,IKZF1,1314
Slc30a3,SLC30A3,1315
Zyx,ZYX,1316
Coro1c,CORO1C,1317
Aplnr,APLNR,1318
Bace1,BACE1,1319
Bves,BVES,1320
Pappa2,PAPPA2,1321
Ets1,ETS1,1322
Gadd45g,GADD45G,1323
Gpc6,GPC6,1324
Grem2,GREM2,1325
Hax1,HAX1,1326
Insrr,INSRR,1327
Ly6h,LY6H,1328
Lynx1,LYNX1,1329
Esyt1,ESYT1,1330
Mgll,MGLL,1331
Neu2,NEU2,1332
Nr2e3,NR2E3,1333
Tenm3,TENM3,1334
Pacsin2,PACSIN2,1335
Pde10a,PDE10A,1336
Med24,MED24,1337
Psmd13,PSMD13,1338
Twf2,TWF2,1339
Tiam2,TIAM2,1340
Rnasel,RNASEL,1341
Rnf13,RNF13,1342
Sgcd,SGCD,1343
Sgcg,SGCG,1344
Slc35a1,SLC35A1,1345
Srp54a,SRP54,1346
Synj2bp,SYNJ2BP,1347
Ubl3,UBL3,1348
Wif1,WIF1,1349
Ldb3,LDB3,1350
Zeb2,ZEB2,1351
Btd,BTD,1352
Adgre5,CD97,1353
Cop1,RFWD2,1354
Decr2,DECR2,1355
Esrrg,ESRRG,1356
Map2k4,MAP2K4,1357
Map2k6,MAP2K6,1358
Mapk13,MAPK13,1359
Mapk14,MAPK14,1360
Mapk3,MAPK3,1361
Mapk8,MAPK8,1362
Nr5a1,NR5A1,1363
Nubp1,NUBP1,1364
Creb3l1,CREB3L1,1365
Psmb2,PSMB2,1366
Sema4g,SEMA4G,1367
Zfp260,ZNF260,1368
Homer1,HOMER1,1369
Ncdn,NCDN,1370
Slc27a4,SLC27A4,1371
Dpysl4,DPYSL4,1372
Abcd2,ABCD2,1373
Pclo,PCLO,1374
B3galt2,B3GALT2,1375
Cops4,COPS4,1376
Cops7b,COPS7B,1377
Gprin1,GPRIN1,1378
Ern2,ERN2,1379
St6galnac5,ST6GALNAC5,1380
Vsnl1,VSNL1,1381
Rpl8,RPL8,1382
Polk,POLK,1383
Tspan32,TSPAN32,1384
Etv3,ETV3,1385
Ncoa4,NCOA4,1386
Sh3d19,SH3D19,1387
Cadps,CADPS,1388
Syn3,SYN3,1389
Nrk,NRK,1390
Cartpt,CARTPT,1391
Atp1a4,ATP1A4,1392
Trp53bp1,TP53BP1,1393
Eloa,TCEB3,1394
Pla2g7,PLA2G7,1395
Plekhb1,PLEKHB1,1396
Pald1,PALD1,1397
Gyg,GYG1,1398
Sytl4,SYTL4,1399
Tbl2,TBL2,1400
Slc25a10,SLC25A10,1401
Yme1l1,YME1L1,1402
Magel2,MAGEL2,1403
Mmel1,MMEL1,1404
Nrep,NREP,1405
Tango2,TANGO2,1406
Spg21,SPG21,1407
Fam3c,FAM3C,1408
Ing4,ING4,1409
Atp5o,ATP5O,1410
Trim36,TRIM36,1411
Tinf2,TINF2,1412
Agpat3,AGPAT3,1413
Tomm70a,TOMM70A,1414
Ndrg2,NDRG2,1415
Ndrg3,NDRG3,1416
Bcar3,BCAR3,1417
Hspb7,HSPB7,1418
Tnfrsf19,TNFRSF19,1419
Smtn,SMTN,1420
Mapk12,MAPK12,1421
Pmm1,PMM1,1422
Rnf11,RNF11,1423
Cspg5,CSPG5,1424
Clic4,CLIC4,1425
Dnajc12,DNAJC12,1426
Pcsk1n,PCSK1N,1427
Timm10,TIMM10,1428
Adamts8,ADAMTS8,1429
Apln,APLN,1430
Zbtb18,ZBTB18,1431
Zfp330,ZNF330,1432
Fgd3,FGD3,1433
Pttg1,PTTG1,1434
Usp25,USP25,1435
Usp21,USP21,1436
Rnf19a,RNF19A,1437
Txnrd1,TXNRD1,1438
E2f6,E2F6,1439
Lats2,LATS2,1440
Postn,POSTN,1441
Icosl,ICOSLG,1442
Sap30l,SAP30L,1443
Fbh1,FBXO18,1444
Crim1,CRIM1,1445
Atp8a2,ATP8A2,1446
Atp11a,ATP11A,1447
Rgs6,RGS6,1448
Rgs3,RGS3,1449
Hs6st1,HS6ST1,1450
Hs6st2,HS6ST2,1451
Hs6st3,HS6ST3,1452
Copb2,COPB2,1453
Rnf10,RNF10,1454
Prkn,PARK2,1455
Il17rb,IL17RB,1456
C1ra,C1R,1457
Olig2,OLIG2,1458
Grb14,GRB14,1459
Galns,GALNS,1460
Myadm,MYADM,1461
Hnrnpdl,HNRNPDL,1462
St6galnac6,ST6GALNAC6,1463
Bok,BOK,1464
Ramp1,RAMP1,1465
Ppp6r3,PPP6R3,1466
Rragd,RRAGD,1467
Adgra1,GPR123,1468
Echdc2,ECHDC2,1469
Carhsp1,CARHSP1,1470
Acaa2,ACAA2,1471
Parp8,PARP8,1472
Ncald,NCALD,1473
Ldlrad4,LDLRAD4,1474
Ncaph2,NCAPH2,1475
Setd3,SETD3,1476
Slc52a2,SLC52A2,1477
Anapc16,ANAPC16,1478
Tspyl2,TSPYL2,1479
Ldhd,LDHD,1480
Rufy3,RUFY3,1481
Pnrc2,PNRC2,1482
Tmx4,TMX4,1483
Sgsm1,SGSM1,1484
Rgs7bp,RGS7BP,1485
Nxf1,NXF1,1486
Nucb2,NUCB2,1487
Nptx2,NPTX2,1488
Pgrmc1,PGRMC1,1489
Sdcbp,SDCBP,1490
Prdx4,PRDX4,1491
Syt5,SYT5,1492
Cd164,CD164,1493
Hpcal1,HPCAL1,1494
Vti1a,VTI1A,1495
Fut8,FUT8,1496
Blcap,BLCAP,1497
Gria3,GRIA3,1498
B3gnt2,B3GNT2,1499
Rwdd2b,RWDD2B,1500
Col5a3,COL5A3,1501
Cntn6,CNTN6,1502
Slc5a3,SLC5A3,1503
Sart3,SART3,1504
Nell2,NELL2,1505
Actr1a,ACTR1A,1506
Atxn10,ATXN10,1507
Spag5,SPAG5,1508
Cyhr1,CYHR1,1509
Dnal4,DNAL4,1510
Rasa4,RASA4,1511
Copg2,COPG2,1512
Copg1,COPG1,1513
Pcdh7,PCDH7,1514
Arhgef5,ARHGEF5,1515
Elovl1,ELOVL1,1516
Chst2,CHST2,1517
Cacng3,CACNG3,1518
Cacng4,CACNG4,1519
Mtmr7,MTMR7,1520
Mcm3ap,MCM3AP,1521
Rfk,RFK,1522
Crlf3,CRLF3,1523
Ywhab,YWHAB,1524
Syt6,SYT6,1525
Syt7,SYT7,1526
Syt10,SYT10,1527
Calcrl,CALCRL,1528
Socs6,SOCS6,1529
Tbc1d8,TBC1D8,1530
Pde3a,PDE3A,1531
St3gal6,ST3GAL6,1532
Extl3,EXTL3,1533
Paf1,PAF1,1534
Pqbp1,PQBP1,1535
Prdx5,PRDX5,1536
Plxnc1,PLXNC1,1537
Fezf2,FEZF2,1538
Rcan1,RCAN1,1539
Hes6,HES6,1540
Sfn,SFN,1541
Mpc1,MPC1,1542
Impa1,IMPA1,1543
Camkk1,CAMKK1,1544
Cxcl13,CXCL13,1545
Tmem131,TMEM131,1546
Nprl2,NPRL2,1547
Ccnl2,CCNL2,1548
Akr1e1,AKR1E2,1549
Cyp39a1,CYP39A1,1550
Tcerg1,TCERG1,1551
Astn2,ASTN2,1552
Ramp3,RAMP3,1553
Bace2,BACE2,1554
Pigp,PIGP,1555
Olfm1,OLFM1,1556
Rbm38,RBM38,1557
Tro,TRO,1558
Abcb10,ABCB10,1559
Gde1,GDE1,1560
Tspan5,TSPAN5,1561
Hnrnph2,HNRNPH2,1562
Fam69b,FAM69B,1563
Mrpl12,MRPL12,1564
Higd1a,HIGD1A,1565
Sinhcaf,FAM60A,1566
Dbn1,DBN1,1567
Arl2,ARL2,1568
B4galt5,B4GALT5,1569
Txnip,TXNIP,1570
Arl3,ARL3,1571
Copz2,COPZ2,1572
Tmeff2,TMEFF2,1573
Tagln3,TAGLN3,1574
B4galt6,B4GALT6,1575
Sssca1,SSSCA1,1576
Shoc2,SHOC2,1577
Akap8,AKAP8,1578
P3h1,LEPRE1,1579
Syncrip,SYNCRIP,1580
Trip4,TRIP4,1581
Dusp14,DUSP14,1582
Pfkp,PFKP,1583
Stub1,STUB1,1584
Dstn,DSTN,1585
Adrm1,ADRM1,1586
Rrad,RRAD,1587
Naa80,NAT6,1588
Serinc1,SERINC1,1589
Arpc1a,ARPC1A,1590
Actr10,ACTR10,1591
Clptm1,CLPTM1,1592
Foxo1,FOXO1,1593
Kcnip3,KCNIP3,1594
Snd1,SND1,1595
Rgs19,RGS19,1596
Stmn4,STMN4,1597
Gabarap,GABARAP,1598
Zbtb20,ZBTB20,1599
Gosr2,GOSR2,1600
Tspan6,TSPAN6,1601
Cib2,CIB2,1602
Rapgef4,RAPGEF4,1603
Pmfbp1,PMFBP1,1604
Mpp6,MPP6,1605
Rgs17,RGS17,1606
Hspb3,HSPB3,1607
Kcnd3,KCND3,1608
Txn2,TXN2,1609
Pnkd,PNKD,1610
Dnajb12,DNAJB12,1611
Brinp1,BRINP1,1612
Tdo2,TDO2,1613
Alg2,ALG2,1614
Rec8,REC8,1615
Psrc1,PSRC1,1616
Sez6l,SEZ6L,1617
Mllt11,MLLT11,1618
Scube2,SCUBE2,1619
Arl10,ARL10,1620
Lgi1,LGI1,1621
Necab3,NECAB3,1622
Rnf32,RNF32,1623
Htr3b,HTR3B,1624
Gabrq,GABRQ,1625
Icmt,ICMT,1626
Terf2ip,TERF2IP,1627
Parva,PARVA,1628
B4galt3,B4GALT3,1629
Gabarapl1,GABARAPL1,1630
Ehd3,EHD3,1631
Kcne3,KCNE3,1632
Stk32c,STK32C,1633
Sec61a2,SEC61A2,1634
Fxyd7,FXYD7,1635
Tk2,TK2,1636
Kcne4,KCNE4,1637
Tesc,TESC,1638
Crlf2,CRLF2,1639
Tbc1d1,TBC1D1,1640
Rgs20,RGS20,1641
Sorcs1,SORCS1,1642
Vstm2b,VSTM2B,1643
Extl2,EXTL2,1644
Sh3kbp1,SH3KBP1,1645
Ppp1r1a,PPP1R1A,1646
Rab37,RAB37,1647
Cacna1h,CACNA1H,1648
Dnaja4,DNAJA4,1649
Nectin1,PVRL1,1650
Nkain4,NKAIN4,1651
Dexi,DEXI,1652
Nap1l5,NAP1L5,1653
Slc35b4,SLC35B4,1654
Chst11,CHST11,1655
Erg28,C14orf1,1656
Eid1,EID1,1657
Kcnmb4,KCNMB4,1658
Mlxipl,MLXIPL,1659
Efemp2,EFEMP2,1660
Pex5l,PEX5L,1661
Pias4,PIAS4,1662
Sh3rf1,SH3RF1,1663
Sqor,SQRDL,1664
Moxd1,MOXD1,1665
Usp14,USP14,1666
Chst12,CHST12,1667
Zfp24,ZNF24,1668
Bhlhe22,BHLHE22,1669
Tpm3,TPM3,1670
Midn,MIDN,1671
Pcbp4,PCBP4,1672
Pcbp3,PCBP3,1673
Fxyd6,FXYD6,1674
Nek7,NEK7,1675
Ackr2,ACKR2,1676
Fign,FIGN,1677
Donson,DONSON,1678
Il1rapl2,IL1RAPL2,1679
Syt9,SYT9,1680
Kcnq4,KCNQ4,1681
Trpv4,TRPV4,1682
Dusp10,DUSP10,1683
Ube4b,UBE4B,1684
Slc29a1,SLC29A1,1685
Gmfb,GMFB,1686
Slc5a7,SLC5A7,1687
Syne1,SYNE1,1688
Smoc2,SMOC2,1689
Smoc1,SMOC1,1690
Clstn2,CLSTN2,1691
Gpr35,GPR35,1692
Parvg,PARVG,1693
Tnmd,TNMD,1694
Ctsz,CTSZ,1695
Ralb,RALB,1696
Sv2b,SV2B,1697
Ngb,NGB,1698
Foxb1,FOXB1,1699
Itm2c,ITM2C,1700
Abhd8,ABHD8,1701
Gng13,GNG13,1702
Fndc4,FNDC4,1703
Gpr88,GPR88,1704
Sirt2,SIRT2,1705
Polr1e,POLR1E,1706
Dip2a,DIP2A,1707
Ndst4,NDST4,1708
Scube1,SCUBE1,1709
Suv39h2,SUV39H2,1710
Rpl23,RPL23,1711
Rtn4r,RTN4R,1712
Arl6ip5,ARL6IP5,1713
Vps35,VPS35,1714
Prrg2,PRRG2,1715
Dpysl5,DPYSL5,1716
Asb4,ASB4,1717
Clstn1,CLSTN1,1718
Slc9a3r2,SLC9A3R2,1719
Cubn,CUBN,1720
Sostdc1,SOSTDC1,1721
Dtd1,DTD1,1722
Mrpl54,MRPL54,1723
Tmem176a,TMEM176A,1724
Gng11,GNG11,1725
Tsen34,TSEN34,1726
Abhd6,ABHD6,1727
Rmnd1,RMND1,1728
Ghitm,GHITM,1729
Tmed3,TMED3,1730
Cox7b,COX7B,1731
Ufc1,UFC1,1732
Pop4,POP4,1733
Grina,GRINA,1734
P3h4,LEPREL4,1735
Nop10,NOP10,1736
Pycrl,PYCRL,1737
Cks2,CKS2,1738
Acyp1,ACYP1,1739
Nenf,NENF,1740
Mrps28,MRPS28,1741
Msmo1,MSMO1,1742
Eif1ax,EIF1AY,1743
Hspbp1,HSPBP1,1744
Alg5,ALG5,1745
Ssr2,SSR2,1746
Nicn1,NICN1,1747
Retreg1,FAM134B,1748
Tmem126a,TMEM126A,1749
Tmem218,TMEM218,1750
Rmdn1,RMDN1,1751
Isoc1,ISOC1,1752
Dmac2,ATP5SL,1753
Pla2g12a,PLA2G12A,1754
Gmpr,GMPR,1755
Ostc,OSTC,1756
Dhrs7,DHRS7,1757
Iscu,ISCU,1758
Ppp1r7,PPP1R7,1759
Tsfm,TSFM,1760
Nudt2,NUDT2,1761
Cyc1,CYC1,1762
Mgst3,MGST3,1763
Fam213b,FAM213B,1764
Usmg5,USMG5,1765
Rpl15,RPL15,1766
Rps21,RPS21,1767
Fam136a,FAM136A,1768
Zmynd11,ZMYND11,1769
Pomp,POMP,1770
Fam107b,FAM107B,1771
Adamtsl5,ADAMTSL5,1772
Sppl2a,SPPL2A,1773
Ntpcr,NTPCR,1774
Exosc1,EXOSC1,1775
Crls1,CRLS1,1776
Stoml2,STOML2,1777
Uqcr11,UQCR11,1778
Cryzl1,CRYZL1,1779
Mfsd14b,HIATL1,1780
Lix1,LIX1,1781
Tmem41a,TMEM41A,1782
Sorcs3,SORCS3,1783
Snx31,SNX31,1784
Actr2,ACTR2,1785
Spag16,SPAG16,1786
Rnf220,RNF220,1787
Alg14,ALG14,1788
Cntnap2,CNTNAP2,1789
Mcub,CCDC109B,1790
Acot13,ACOT13,1791
Ppp1r2,PPP1R2,1792
Tcf25,TCF25,1793
Tanc1,TANC1,1794
Lztr1,LZTR1,1795
Hmg20a,HMG20A,1796
Cpne8,CPNE8,1797
Bzw1,BZW1,1798
Rnf128,RNF128,1799
Mtap,MTAP,1800
Prpf38b,PRPF38B,1801
Tmem206,TMEM206,1802
Cdca7,CDCA7,1803
Tmx2,TMX2,1804
Ssbp2,SSBP2,1805
Pole4,POLE4,1806
Psmd5,PSMD5,1807
Ccdc91,CCDC91,1808
Rpl11,RPL11,1809
Oxct1,OXCT1,1810
Syap1,SYAP1,1811
Ola1,OLA1,1812
Tmem246,TMEM246,1813
Dynlrb1,DYNLRB1,1814
Catsperz,TEX40,1815
Ctnnbip1,CTNNBIP1,1816
Psmc6,PSMC6,1817
Gatm,GATM,1818
D16Ertd472e,C21orf91,1819
Cuedc2,CUEDC2,1820
Dynlt3,DYNLT3,1821
Ubap1,UBAP1,1822
Tomm34,TOMM34,1823
Smarca2,SMARCA2,1824
Eef1g,EEF1G,1825
Ube2t,UBE2T,1826
Nde1,NDE1,1827
Srfbp1,SRFBP1,1828
Rpf2,RPF2,1829
Cap2,CAP2,1830
Cers4,CERS4,1831
Zswim6,ZSWIM6,1832
Ndufb8,NDUFB8,1833
Ndufa10,NDUFA10,1834
Ccdc137,CCDC137,1835
Rab3c,RAB3C,1836
Gprasp1,GPRASP1,1837
1700037H04Rik,C20orf27,1838
Jam2,JAM2,1839
4833420G17Rik,C5orf34,1840
Srpr,SRPR,1841
Nts,NTS,1842
Soga3,SOGA3,1843
Armh4,C14orf37,1844
Dhdds,DHDDS,1845
Eps8l1,EPS8L1,1846
Plxdc2,PLXDC2,1847
Ergic1,ERGIC1,1848
Nvl,NVL,1849
Decr1,DECR1,1850
Pdcl,PDCL,1851
Gpalpp1,GPALPP1,1852
Ero1lb,ERO1LB,1853
Cwc25,CWC25,1854
Eepd1,EEPD1,1855
Dhx40,DHX40,1856
Kctd4,KCTD4,1857
Atg12,ATG12,1858
Fgfr1op2,FGFR1OP2,1859
Uqcrb,UQCRB,1860
Mfap1a,MFAP1,1861
Ppfibp1,PPFIBP1,1862
Ttll4,TTLL4,1863
Tmem35a,TMEM35,1864
Ubxn11,UBXN11,1865
Dusp6,DUSP6,1866
Bend5,BEND5,1867
Tm7sf3,TM7SF3,1868
Sdhb,SDHB,1869
Rnf149,RNF149,1870
Kirrel3,KIRREL3,1871
Fam114a2,FAM114A2,1872
Dph2,DPH2,1873
Mansc1,MANSC1,1874
Samsn1,SAMSN1,1875
N6amt1,N6AMT1,1876
Vwa5a,VWA5A,1877
Plxnd1,PLXND1,1878
Rgs8,RGS8,1879
Dgat2,DGAT2,1880
Pllp,PLLP,1881
Snap47,SNAP47,1882
Rer1,RER1,1883
Atg3,ATG3,1884
Slc35a4,SLC35A4,1885
S100a16,S100A16,1886
Rgs10,RGS10,1887
Paip2,PAIP2,1888
Mri1,MRI1,1889
Rprm,RPRM,1890
Tmem33,TMEM33,1891
Rbm18,RBM18,1892
Ufm1,UFM1,1893
Mtfp1,MTFP1,1894
Gipc1,GIPC1,1895
Plpp3,PPAP2B,1896
Mesd,MESDC2,1897
Tomm20,TOMM20,1898
Npc2,NPC2,1899
Tppp3,TPPP3,1900
Atp2b1,ATP2B1,1901
Nacc2,NACC2,1902
Tmem178,TMEM178A,1903
Nmb,NMB,1904
Mpnd,MPND,1905
Atp5s,ATP5S,1906
Slc25a39,SLC25A39,1907
Pdzd2,PDZD2,1908
Entr1,SDCCAG3,1909
Cmtm3,CMTM3,1910
Kdelr1,KDELR1,1911
Wls,WLS,1912
Ndnf,NDNF,1913
Ebpl,EBPL,1914
Cgnl1,CGNL1,1915
Leprotl1,LEPROTL1,1916
Hsbp1,HSBP1,1917
Rnaseh2c,RNASEH2C,1918
Nudt21,NUDT21,1919
Mcrip2,FAM195A,1920
Agpat4,AGPAT4,1921
Slc25a22,SLC25A22,1922
Stt3b,STT3B,1923
Ccdc88c,CCDC88C,1924
Nrn1,NRN1,1925
Steap3,STEAP3,1926
Card19,C9orf89,1927
Mpzl1,MPZL1,1928
Tspan11,TSPAN11,1929
Micu2,MICU2,1930
Eml1,EML1,1931
Ciao2b,FAM96B,1932
Gpr155,GPR155,1933
Tmem109,TMEM109,1934
Cthrc1,CTHRC1,1935
Letmd1,LETMD1,1936
Tm2d3,TM2D3,1937
Trim37,TRIM37,1938
Carmil1,LRRC16A,1939
Anln,ANLN,1940
Rreb1,RREB1,1941
Abhd11,ABHD11,1942
Cdhr3,CDHR3,1943
Washc1,WASH1,1944
Atp6v1c2,ATP6V1C2,1945
Ubr3,UBR3,1946
Elovl5,ELOVL5,1947
Zfand2b,ZFAND2B,1948
Tulp4,TULP4,1949
1190002N15Rik,C3orf58,1950
Prpf6,PRPF6,1951
Rasl11a,RASL11A,1952
Ptcd2,PTCD2,1953
Eif1b,EIF1B,1954
Haghl,HAGHL,1955
Cab39l,CAB39L,1956
Smdt1,SMDT1,1957
Triap1,TRIAP1,1958
Psmd11,PSMD11,1959
Gmppa,GMPPA,1960
Stoml1,STOML1,1961
Kbtbd3,KBTBD3,1962
Lzic,LZIC,1963
Cnppd1,CNPPD1,1964
Elf2,ELF2,1965
Kctd5,KCTD5,1966
Pacrg,PACRG,1967
Necab1,NECAB1,1968
Rwdd2a,RWDD2A,1969
Trnp1,TRNP1,1970
Klk10,KLK10,1971
Cmbl,CMBL,1972
Dapk1,DAPK1,1973
Exosc8,EXOSC8,1974
Mlip,MLIP,1975
Pir,PIR,1976
Usp46,USP46,1977
Bdh2,BDH2,1978
Med30,MED30,1979
Rab3b,RAB3B,1980
Scrn1,SCRN1,1981
Chn2,CHN2,1982
Nt5dc2,NT5DC2,1983
Acot7,ACOT7,1984
Dop1b,DOPEY2,1985
Lysmd2,LYSMD2,1986
Dpf3,DPF3,1987
Ogfrl1,OGFRL1,1988
Med23,MED23,1989
Ufsp1,UFSP1,1990
Afap1,AFAP1,1991
Rabep2,RABEP2,1992
Arl16,ARL16,1993
Iyd,IYD,1994
Fam135b,FAM135B,1995
Fbln7,FBLN7,1996
Calml3,CALML3,1997
Megf10,MEGF10,1998
Tspan15,TSPAN15,1999
Draxin,DRAXIN,2000
Arhgap17,ARHGAP17,2001
Lrfn2,LRFN2,2002
Zdhhc2,ZDHHC2,2003
Cpne3,CPNE3,2004
Tcerg1l,TCERG1L,2005
Ipo5,IPO5,2006
Filip1,FILIP1,2007
Ankrd24,ANKRD24,2008
Med26,MED26,2009
Fam189a1,FAM189A1,2010
Sik3,SIK3,2011
Adgra3,GPR125,2012
Tspan2,TSPAN2,2013
Gpr173,GPR173,2014
Pgrmc2,PGRMC2,2015
Ttll7,TTLL7,2016
Efcab3,EFCAB3,2017
Phyhipl,PHYHIPL,2018
Nsun7,NSUN7,2019
Pgm2l1,PGM2L1,2020
Phf6,PHF6,2021
Pcgf6,PCGF6,2022
Rfx4,RFX4,2023
Golga7b,GOLGA7B,2024
Nudt4,NUDT4,2025
Cage1,CAGE1,2026
Arhgap26,ARHGAP26,2027
Tbc1d9,TBC1D9,2028
Rassf8,RASSF8,2029
Wdr31,WDR31,2030
Col24a1,COL24A1,2031
Kctd6,KCTD6,2032
Flrt3,FLRT3,2033
Wrb,WRB,2034
Kazn,KAZN,2035
Clmp,CLMP,2036
Gdpd2,GDPD2,2037
Pogk,POGK,2038
Optn,OPTN,2039
Shtn1,KIAA1598,2040
Atp5h,ATP5H,2041
Galnt14,GALNT14,2042
Tmem25,TMEM25,2043
Slc41a3,SLC41A3,2044
Osbpl3,OSBPL3,2045
Smug1,SMUG1,2046
Rgs12,RGS12,2047
Susd2,SUSD2,2048
Nectin4,PVRL4,2049
Etnppl,ETNPPL,2050
C2cd2l,C2CD2L,2051
Shroom1,SHROOM1,2052
Isyna1,ISYNA1,2053
Slc16a14,SLC16A14,2054
Pdgfd,PDGFD,2055
Nup93,NUP93,2056
Faap100,C17orf70,2057
Epn3,EPN3,2058
Lypd6b,LYPD6B,2059
Tmem106b,TMEM106B,2060
Serpina9,SERPINA9,2061
Itfg1,ITFG1,2062
Endod1,ENDOD1,2063
Nkiras2,NKIRAS2,2064
Rbpms2,RBPMS2,2065
Ppp2r2a,PPP2R2A,2066
Smg9,SMG9,2067
Slc39a5,SLC39A5,2068
Synpr,SYNPR,2069
Fndc3b,FNDC3B,2070
Cyb5r1,CYB5R1,2071
Slc35f2,SLC35F2,2072
Tsc22d2,TSC22D2,2073
Cotl1,COTL1,2074
Sulf2,SULF2,2075
Tmub2,TMUB2,2076
Igsf5,IGSF5,2077
2010111I01Rik,C9orf3,2078
Ogfr,OGFR,2079
2010300C02Rik,KIAA1211L,2080
Pex13,PEX13,2081
Tdrp,TDRP,2082
Strada,STRADA,2083
Rfc5,RFC5,2084
Tmem163,TMEM163,2085
Aifm3,AIFM3,2086
Mtrex,SKIV2L2,2087
Otud6b,OTUD6B,2088
Cda,CDA,2089
Nkd2,NKD2,2090
Shisal1,KIAA1644,2091
Fryl,FRYL,2092
Asb6,ASB6,2093
Plxdc1,PLXDC1,2094
Dusp3,DUSP3,2095
Tmem175,TMEM175,2096
Prcp,PRCP,2097
Plcd3,PLCD3,2098
Tspyl4,TSPYL4,2099
Rnf219,RNF219,2100
Shisa9,SHISA9,2101
Uaca,UACA,2102
Lypd1,LYPD1,2103
Pdia5,PDIA5,2104
Car10,CA10,2105
Usp13,USP13,2106
Adipor1,ADIPOR1,2107
Dnajc6,DNAJC6,2108
Zcchc12,ZCCHC12,2109
Zfp618,ZNF618,2110
Ttc39c,TTC39C,2111
Veph1,VEPH1,2112
Ubash3b,UBASH3B,2113
Crtac1,CRTAC1,2114
Kctd17,KCTD17,2115
Setd5,SETD5,2116
Ndufv2,NDUFV2,2117
Spock3,SPOCK3,2118
Hepacam,HEPACAM,2119
Ppp2r2b,PPP2R2B,2120
Tppp,TPPP,2121
Slc17a7,SLC17A7,2122
Cnih3,CNIH3,2123
Ttc9b,TTC9B,2124
Slc22a23,SLC22A23,2125
Pcdh18,PCDH18,2126
Fezf1,FEZF1,2127
Atat1,ATAT1,2128
Rassf6,RASSF6,2129
Setd7,SETD7,2130
Ddit4l,DDIT4L,2131
Rhobtb3,RHOBTB3,2132
Arhgef6,ARHGEF6,2133
Dcbld2,DCBLD2,2134
Ccsap,CCSAP,2135
Hspa12a,HSPA12A,2136
Cst6,CST6,2137
Psd,PSD,2138
1110008P14Rik,C9orf16,2139
Whrn,DFNB31,2140
Thap1,THAP1,2141
Dcaf4,DCAF4,2142
Atp6v1d,ATP6V1D,2143
Slc35b2,SLC35B2,2144
Zdbf2,ZDBF2,2145
Btbd11,BTBD11,2146
Slc25a27,SLC25A27,2147
Rap2b,RAP2B,2148
Steap2,STEAP2,2149
Grip1,GRIP1,2150
Arpp21,ARPP21,2151
Abcb6,ABCB6,2152
Rbm19,RBM19,2153
Krt80,KRT80,2154
Sec14l1,SEC14L1,2155
F13a1,F13A1,2156
Nudt9,NUDT9,2157
Gbe1,GBE1,2158
Ccdc3,CCDC3,2159
Ttc27,TTC27,2160
Acsl3,ACSL3,2161
Paqr8,PAQR8,2162
Mterf2,MTERFD3,2163
Smu1,SMU1,2164
Cyld,CYLD,2165
Palm3,PALM3,2166
Ahcyl2,AHCYL2,2167
Lrrtm1,LRRTM1,2168
Lonrf3,LONRF3,2169
4932438H23Rik,C21orf62,2170
Ttc25,TTC25,2171
Plpp6,PPAPDC2,2172
Cep72,CEP72,2173
Osbpl10,OSBPL10,2174
Neto2,NETO2,2175
Ppp4r4,PPP4R4,2176
Pck2,PCK2,2177
Nipal3,NIPAL3,2178
Cds1,CDS1,2179
Spsb1,SPSB1,2180
S100pbp,S100PBP,2181
Dhcr24,DHCR24,2182
Glt8d2,GLT8D2,2183
Tmem65,TMEM65,2184
Purg,PURG,2185
Rasd2,RASD2,2186
Sv2c,SV2C,2187
Taf1d,TAF1D,2188
Arl5a,ARL5A,2189
Akap13,AKAP13,2190
Capsl,CAPSL,2191
Acyp2,ACYP2,2192
Ndufaf2,NDUFAF2,2193
Pcdh1,PCDH1,2194
Mageh1,MAGEH1,2195
Rai14,RAI14,2196
Rasl10a,RASL10A,2197
Ripor1,FAM65A,2198
Tmem14a,TMEM14A,2199
Amotl1,AMOTL1,2200
Bcl2l12,BCL2L12,2201
Svip,SVIP,2202
Ipo4,IPO4,2203
Klhl24,KLHL24,2204
Cdyl2,CDYL2,2205
Fam184a,FAM184A,2206
Zmym2,ZMYM2,2207
Ttpal,TTPAL,2208
Rap2a,RAP2A,2209
Fam131b,FAM131B,2210
Slc35d3,SLC35D3,2211
Lamp5,LAMP5,2212
Dnttip1,DNTTIP1,2213
Slc38a3,SLC38A3,2214
Gstk1,GSTK1,2215
Atp11b,ATP11B,2216
Slc24a2,SLC24A2,2217
Lhpp,LHPP,2218
Rftn1,RFTN1,2219
Daam2,DAAM2,2220
Prss23,PRSS23,2221
Car12,CA12,2222
Msrb2,MSRB2,2223
Paqr4,PAQR4,2224
Il34,IL34,2225
Mfsd2a,MFSD2A,2226
Efr3a,EFR3A,2227
Sdccag8,SDCCAG8,2228
Fam49a,FAM49A,2229
Dok5,DOK5,2230
Coq8b,ADCK4,2231
Ralyl,RALYL,2232
B3gat1,B3GAT1,2233
Bcas1,BCAS1,2234
Slitrk1,SLITRK1,2235
Chst1,CHST1,2236
Ube2ql1,UBE2QL1,2237
Vxn,C8orf46,2238
Col25a1,COL25A1,2239
Slc9a8,SLC9A8,2240
Sun1,SUN1,2241
Tmem200a,TMEM200A,2242
Heg1,HEG1,2243
Mtus2,MTUS2,2244
Limch1,LIMCH1,2245
Notum,NOTUM,2246
Chst15,CHST15,2247
Smpd4,SMPD4,2248
Efcab6,EFCAB6,2249
Sphkap,SPHKAP,2250
Tmem50b,TMEM50B,2251
Sbf1,SBF1,2252
Cpt1c,CPT1C,2253
Adgrf4,GPR115,2254
Map7d2,MAP7D2,2255
Nav2,NAV2,2256
Gpr108,GPR108,2257
Ndufv3,NDUFV3,2258
Ttyh3,TTYH3,2259
Mvp,MVP,2260
Ntf5,NTF4,2261
Utp23,UTP23,2262
Nrip3,NRIP3,2263
Eif3j1,EIF3J,2264
Brd8,BRD8,2265
Pus7,PUS7,2266
Spink8,SPINK8,2267
Lipm,LIPM,2268
Spata2l,SPATA2L,2269
Celf3,CELF3,2270
Clip4,CLIP4,2271
Tsc22d4,TSC22D4,2272
Aacs,AACS,2273
Igsf3,IGSF3,2274
Ltn1,LTN1,2275
Pigt,PIGT,2276
Fbxo34,FBXO34,2277
Osbpl5,OSBPL5,2278
Recql4,RECQL4,2279
BC005537,C6orf62,2280
Ublcp1,UBLCP1,2281
Abtb1,ABTB1,2282
Gpr146,GPR146,2283
Pofut2,POFUT2,2284
Kcnip4,KCNIP4,2285
Med8,MED8,2286
Wwox,WWOX,2287
Rab27b,RAB27B,2288
Fam20c,FAM20C,2289
Slc16a3,SLC16A3,2290
Maged2,MAGED2,2291
Hspb8,HSPB8,2292
Zfhx4,ZFHX4,2293
Syt13,SYT13,2294
Arl4d,ARL4D,2295
Cemip,KIAA1199,2296
Trim23,TRIM23,2297
Dnajb1,DNAJB1,2298
Jdp2,JDP2,2299
C1qtnf3,C1QTNF3,2300
Sorcs2,SORCS2,2301
Tnxb,TNXB,2302
Cacng7,CACNG7,2303
Cacng8,CACNG8,2304
Tmem108,TMEM108,2305
Siglece,SIGLEC9,2306
Akap12,AKAP12,2307
Ndst3,NDST3,2308
Ucn3,UCN3,2309
Ndel1,NDEL1,2310
Trem2,TREM2,2311
Plekha2,PLEKHA2,2312
Sacm1l,SACM1L,2313
Sytl2,SYTL2,2314
Sytl3,SYTL3,2315
Pde4dip,PDE4DIP,2316
Crispld1,CRISPLD1,2317
Dbr1,DBR1,2318
Otof,OTOF,2319
Mcam,MCAM,2320
Pi4k2a,PI4K2A,2321
Hes7,HES7,2322
Tnfrsf25,TNFRSF25,2323
Lmod2,LMOD2,2324
Glce,GLCE,2325
Csnk1a1,CSNK1A1,2326
Klf7,KLF7,2327
Glrx,GLRX,2328
Gpnmb,GPNMB,2329
Pcdhga5,PCDHGA5,2330
Pcdhga12,PCDHGA12,2331
Aff4,AFF4,2332
Pard3,PARD3,2333
Nipa2,NIPA2,2334
Dach2,DACH2,2335
Pnck,PNCK,2336
Brwd1,BRWD1,2337
Pcdhb2,PCDHB2,2338
Pcdhb13,PCDHB6,2339
Pcdhb16,PCDHB8,2340
Pcdhb17,PCDHB16,2341
Pcdhb19,PCDHB12,2342
Pcdhb20,PCDHB14,2343
Nkd1,NKD1,2344
B3galt5,B3GALT5,2345
Clmn,CLMN,2346
Allc,ALLC,2347
P2rx5,P2RX5,2348
Trim9,TRIM9,2349
Trim16,TRIM16,2350
Acsbg1,ACSBG1,2351
Pdxdc1,PDXDC1,2352
Tnfrsf21,TNFRSF21,2353
Zfp423,ZNF423,2354
Adarb2,ADARB2,2355
Col4a6,COL4A6,2356
Lrp1b,LRP1B,2357
Cnnm2,CNNM2,2358
S1pr5,S1PR5,2359
Slc4a10,SLC4A10,2360
Fkbp6,FKBP6,2361
Dtnbp1,DTNBP1,2362
Slc24a3,SLC24A3,2363
Hecw1,HECW1,2364
Loxl2,LOXL2,2365
Susd4,SUSD4,2366
Cmtm4,CMTM4,2367
Gtf2f1,GTF2F1,2368
Stk17b,STK17B,2369
Chst10,CHST10,2370
Sh3bp4,SH3BP4,2371
Pid1,PID1,2372
Mfsd6,MFSD6,2373
Kcnb2,KCNB2,2374
Eps8l2,EPS8L2,2375
Fibcd1,FIBCD1,2376
Osbpl6,OSBPL6,2377
Stard7,STARD7,2378
Ssx2ip,SSX2IP,2379
Garnl3,GARNL3,2380
Arfgef2,ARFGEF2,2381
Cul4a,CUL4A,2382
Magi3,MAGI3,2383
Wdr47,WDR47,2384
Olfml3,OLFML3,2385
Adgrl2,LPHN2,2386
Taf13,TAF13,2387
Kcnc4,KCNC4,2388
Ldlrap1,LDLRAP1,2389
Zbtb48,ZBTB48,2390
Phactr4,PHACTR4,2391
Tmem64,TMEM64,2392
Stx12,STX12,2393
Osbpl9,OSBPL9,2394
Bsdc1,BSDC1,2395
Slc44a1,SLC44A1,2396
Rell1,RELL1,2397
Acacb,ACACB,2398
Ube3c,UBE3C,2399
Tbc1d14,TBC1D14,2400
Nfxl1,NFXL1,2401
Tmem168,TMEM168,2402
Brk1,BRK1,2403
Ccp110,CCP110,2404
Snx25,SNX25,2405
Zdhhc7,ZDHHC7,2406
Snapc2,SNAPC2,2407
Cpne7,CPNE7,2408
Cyp4v3,CYP4V2,2409
Ankrd10,ANKRD10,2410
Slc22a13,SLC22A13,2411
Rpp25,RPP25,2412
Lrrc49,LRRC49,2413
Pls3,PLS3,2414
Slc6a15,SLC6A15,2415
Epop,C17orf96,2416
Pnpo,PNPO,2417
Nt5m,NT5M,2418
Rpn1,RPN1,2419
Dnm3,DNM3,2420
Gpc5,GPC5,2421
Rtn1,RTN1,2422
Synj1,SYNJ1,2423
Synpo,SYNPO,2424
Nxph3,NXPH3,2425
Nxph4,NXPH4,2426
Cyp27a1,CYP27A1,2427
Adcy4,ADCY4,2428
Etv5,ETV5,2429
Sbk1,SBK1,2430
E2f4,E2F4,2431
Bap1,BAP1,2432
Npffr2,NPFFR2,2433
Cdc42ep1,CDC42EP1,2434
Slc16a6,SLC16A6,2435
Sptssa,SPTSSA,2436
Tmem179,TMEM179,2437
Fam84a,FAM84A,2438
Rdh14,RDH14,2439
Pelo,PELO,2440
Arrdc3,ARRDC3,2441
Nhlrc1,NHLRC1,2442
Epdr1,EPDR1,2443
Akr1c18,AKR1C3,2444
Phyhip,PHYHIP,2445
Ano6,ANO6,2446
Slc38a1,SLC38A1,2447
Amigo2,AMIGO2,2448
Ccdc65,CCDC65,2449
Sgsm3,SGSM3,2450
Mal2,MAL2,2451
Csdc2,CSDC2,2452
Tecr,TECR,2453
Nrm,NRM,2454
Ticam1,TICAM1,2455
Tcf19,TCF19,2456
Abhd3,ABHD3,2457
Tnfaip8,TNFAIP8,2458
Kctd1,KCTD1,2459
Slc39a3,SLC39A3,2460
Slc39a6,SLC39A6,2461
Gramd3,GRAMD3,2462
Me2,ME2,2463
Gpr137,GPR137,2464
Yars,YARS,2465
Pdzd8,PDZD8,2466
Exoc6,EXOC6,2467
Unc5b,UNC5B,2468
Ssr1,SSR1,2469
Ece2,ECE2,2470
Col16a1,COL16A1,2471
Dio3,DIO3,2472
Mylk,MYLK,2473
Uap1,UAP1,2474
Rnh1,RNH1,2475
Aldh1l1,ALDH1L1,2476
Tm6sf1,TM6SF1,2477
Cth,CTH,2478
Mgat5,MGAT5,2479
Celsr3,CELSR3,2480
Frs3,FRS3,2481
Cenpf,CENPF,2482
Celf4,CELF4,2483
Srsf9,SRSF9,2484
Lin7a,LIN7A,2485
Chrnb3,CHRNB3,2486
Camk2d,CAMK2D,2487
Cstf2,CSTF2,2488
Grm2,GRM2,2489
Grm5,GRM5,2490
Ltbp4,LTBP4,2491
Slco1a5,SLCO1A2,2492
Prkag2,PRKAG2,2493
Baiap2,BAIAP2,2494
B3gnt5,B3GNT5,2495
Slco3a1,SLCO3A1,2496
Atic,ATIC,2497
Sema3d,SEMA3D,2498
Ogt,OGT,2499
Fam50a,FAM50A,2500
Gpt2,GPT2,2501
Chn1,CHN1,2502
Pttg1ip,PTTG1IP,2503
Galnt16,GALNT16,2504
Pnrc1,PNRC1,2505
Lhfp,LHFP,2506
Tpr,TPR,2507
Inka2,FAM212B,2508
Pfdn4,PFDN4,2509
Plekha5,PLEKHA5,2510
Mmaa,MMAA,2511
Mlec,MLEC,2512
Sobp,SOBP,2513
Sccpdh,SCCPDH,2514
Mybpc1,MYBPC1,2515
R3hdm4,R3HDM4,2516
Fam163b,FAM163B,2517
Npy,NPY,2518
Cyb5a,CYB5A,2519
Maob,MAOB,2520
Glo1,GLO1,2521
Cbr3,CBR3,2522
Syt17,SYT17,2523
Bmp3,BMP3,2524
Pygb,PYGB,2525
Dnah12,DNAH12,2526
Raf1,RAF1,2527
Manba,MANBA,2528
Fdps,FDPS,2529
Dgkg,DGKG,2530
Tmbim6,TMBIM6,2531
Glra3,GLRA3,2532
Pmch,PMCH,2533
Qdpr,QDPR,2534
Acat1,ACAT1,2535
Acat2,ACAT2,2536
Adarb1,ADARB1,2537
Arhgef28,ARHGEF28,2538
Hdlbp,HDLBP,2539
Grik4,GRIK4,2540
Rps6ka3,RPS6KA3,2541
Adam33,ADAM33,2542
Adgrv1,GPR98,2543
Tshz1,TSHZ1,2544
Chrna5,CHRNA5,2545
Etfa,ETFA,2546
Kcnq3,KCNQ3,2547
Slc18a1,SLC18A1,2548
Gabra5,GABRA5,2549
Slc8a2,SLC8A2,2550
Slc8a3,SLC8A3,2551
Cds2,CDS2,2552
Egln1,EGLN1,2553
Laptm4b,LAPTM4B,2554
Atp6v0b,ATP6V0B,2555
Kiss1r,KISS1R,2556
Npnt,NPNT,2557
Palmd,PALMD,2558
Slc28a3,SLC28A3,2559
Lyve1,LYVE1,2560
Clic1,CLIC1,2561
Slc13a3,SLC13A3,2562
Rasa2,RASA2,2563
Plpbp,PROSC,2564
Dscaml1,DSCAML1,2565
Cygb,CYGB,2566
Stim2,STIM2,2567
Slc19a2,SLC19A2,2568
Necab2,NECAB2,2569
Pip4k2c,PIP4K2C,2570
Ivns1abp,IVNS1ABP,2571
Stk33,STK33,2572
Srgap1,SRGAP1,2573
Boc,BOC,2574
Synpo2,SYNPO2,2575
Baalc,BAALC,2576
Dmbx1,DMBX1,2577
Zfp358,ZNF358,2578
Rxfp2,RXFP2,2579
Plxnb3,PLXNB3,2580
Ankrd6,ANKRD6,2581
Elmo2,ELMO2,2582
Elmo1,ELMO1,2583
Sesn1,SESN1,2584
P2ry14,P2RY14,2585
Ttbk2,TTBK2,2586
Wdr5,WDR5,2587
Slc17a6,SLC17A6,2588
Asb13,ASB13,2589
Elovl6,ELOVL6,2590
Stard5,STARD5,2591
Recql5,RECQL5,2592
Grin3b,GRIN3B,2593
Cntnap4,CNTNAP4,2594
Hpcal4,HPCAL4,2595
Peg10,PEG10,2596
Cdhr1,CDHR1,2597
Usp48,USP48,2598
Oxr1,OXR1,2599
Scrt1,SCRT1,2600
Mfn2,MFN2,2601
Parvb,PARVB,2602
Kcnh7,KCNH7,2603
Ripply3,RIPPLY3,2604
Pfkfb3,PFKFB3,2605
Glcci1,GLCCI1,2606
Mlc1,MLC1,2607
Inpp5j,INPP5J,2608
Il17rc,IL17RC,2609
Ntng2,NTNG2,2610
Syt12,SYT12,2611
Galnt10,GALNT10,2612
Slc12a8,SLC12A8,2613
Il17rd,IL17RD,2614
Gpr37l1,GPR37L1,2615
Dicer1,DICER1,2616
Eif4a3,EIF4A3,2617
Lrrc4,LRRC4,2618
Rspo1,RSPO1,2619
Tmem47,TMEM47,2620
Hexim1,HEXIM1,2621
Slc25a36,SLC25A36,2622
Cabp7,CABP7,2623
Arhgdia,ARHGDIA,2624
Rassf3,RASSF3,2625
Rapgef6,RAPGEF6,2626
Pirt,PIRT,2627
Ripor2,FAM65B,2628
Kdm4b,KDM4B,2629
Reps2,REPS2,2630
Zfp469,ZNF469,2631
Utp14b,UTP14C,2632
Hs3st2,HS3ST2,2633
Ggt7,GGT7,2634
Hectd1,HECTD1,2635
Fam120c,FAM120C,2636
Camkk2,CAMKK2,2637
Zfp804b,ZNF804B,2638
Igsf11,IGSF11,2639
Csrnp2,CSRNP2,2640
Galnt6,GALNT6,2641
Pknox2,PKNOX2,2642
Yeats2,YEATS2,2643
Fam180a,FAM180A,2644
Phldb2,PHLDB2,2645
Ghsr,GHSR,2646
Ankrd33,ANKRD33,2647
Iqcj,IQCJ,2648
Cep78,CEP78,2649
Cblb,CBLB,2650
Fam20a,FAM20A,2651
Eif5a2,EIF5A2,2652
Hmgcs1,HMGCS1,2653
Sned1,SNED1,2654
Zdhhc9,ZDHHC9,2655
Slc26a7,SLC26A7,2656
Unc13c,UNC13C,2657
Adamts18,ADAMTS18,2658
Myo5c,MYO5C,2659
Thnsl1,THNSL1,2660
Zfp280c,ZNF280C,2661
Clic6,CLIC6,2662
Enox2,ENOX2,2663
Rtl9,RGAG1,2664
Kif15,KIF15,2665
Minar1,KIAA1024,2666
Gpr139,GPR139,2667
Pgbd5,PGBD5,2668
Slc35f3,SLC35F3,2669
Adcy2,ADCY2,2670
Dock10,DOCK10,2671
Thsd7b,THSD7B,2672
Pamr1,PAMR1,2673
Prrt3,PRRT3,2674
Adgrb3,BAI3,2675
Bicral,GLTSCR1L,2676
Lzts1,LZTS1,2677
Ncoa7,NCOA7,2678
Mtss1,MTSS1,2679
Kcnh8,KCNH8,2680
Kcnj14,KCNJ14,2681
Nomo1,NOMO1,2682
Ptchd1,PTCHD1,2683
Fancd2,FANCD2,2684
Wwc1,WWC1,2685
Pcdh9,PCDH9,2686
Vstm2a,VSTM2A,2687
Depdc7,DEPDC7,2688
Spsb4,SPSB4,2689
Asxl3,ASXL3,2690
Clrn3,CLRN3,2691
Rln3,RLN3,2692
Inpp5a,INPP5A,2693
Arap2,ARAP2,2694
Frat2,FRAT2,2695
Sprn,SPRN,2696
Sh3bgrl2,SH3BGRL2,2697
Prpsap2,PRPSAP2,2698
Iffo2,IFFO2,2699
Satb2,SATB2,2700
Tent5a,FAM46A,2701
Best2,BEST2,2702
Galnt17,WBSCR17,2703
Pdlim2,PDLIM2,2704
Slc39a14,SLC39A14,2705
Fstl5,FSTL5,2706
Rassf4,RASSF4,2707
Armc2,ARMC2,2708
Mylk3,MYLK3,2709
Lgi3,LGI3,2710
Bag2,BAG2,2711
9530068E07Rik,C5orf15,2712
Tbl3,TBL3,2713
Plekhg1,PLEKHG1,2714
Agap3,AGAP3,2715
Megf11,MEGF11,2716
Slc18a2,SLC18A2,2717
Pak6,PAK6,2718
Disp2,DISP2,2719
Lrrc1,LRRC1,2720
Aldh5a1,ALDH5A1,2721
Slc10a3,SLC10A3,2722
Sertad4,SERTAD4,2723
Arid5a,ARID5A,2724
Mob3b,MOB3B,2725
Sema6d,SEMA6D,2726
Vezt,VEZT,2727
Slc35f1,SLC35F1,2728
Slc43a2,SLC43A2,2729
Hip1,HIP1,2730
Camk1g,CAMK1G,2731
Slc36a1,SLC36A1,2732
Brinp3,BRINP3,2733
Entpd3,ENTPD3,2734
Rap1b,RAP1B,2735
Pomgnt2,POMGNT2,2736
Nav1,NAV1,2737
Ccdc92,CCDC92,2738
Cnksr3,CNKSR3,2739
Phactr2,PHACTR2,2740
Arfgef3,KIAA1244,2741
Clvs2,CLVS2,2742
Mcu,MCU,2743
Micu1,MICU1,2744
Hkdc1,HKDC1,2745
Lrrtm3,LRRTM3,2746
Zfp365,ZNF365,2747
Trappc10,TRAPPC10,2748
Pdxk,PDXK,2749
Wdr18,WDR18,2750
Plk5,PLK5,2751
Slc17a8,SLC17A8,2752
Rab3ip,RAB3IP,2753
Ugp2,UGP2,2754
Ccdc85a,CCDC85A,2755
Gabrp,GABRP,2756
Adamts2,ADAMTS2,2757
Acsl6,ACSL6,2758
Wnt9a,WNT9A,2759
Flcn,FLCN,2760
Tom1l2,TOM1L2,2761
Usp22,USP22,2762
Wscd1,WSCD1,2763
Spns2,SPNS2,2764
Coro6,CORO6,2765
Taok1,TAOK1,2766
Trim25,TRIM25,2767
Hlf,HLF,2768
Ppp1r9b,PPP1R9B,2769
Stac2,STAC2,2770
Nr1d1,NR1D1,2771
Cdc27,CDC27,2772
Tmc6,TMC6,2773
Trib2,TRIB2,2774
Dgkb,DGKB,2775
Baz1a,BAZ1A,2776
Mgat2,MGAT2,2777
Sipa1l1,SIPA1L1,2778
Tmem63c,TMEM63C,2779
Kcnk13,KCNK13,2780
Itpk1,ITPK1,2781
Rcor1,RCOR1,2782
Pacs2,PACS2,2783
Rapgef5,RAPGEF5,2784
Tmem196,TMEM196,2785
Amph,AMPH,2786
Phactr1,PHACTR1,2787
Mylip,MYLIP,2788
Rnf144b,RNF144B,2789
Ptpdc1,PTPDC1,2790
Fam120a,FAM120A,2791
Clptm1l,CLPTM1L,2792
Ankrd34b,ANKRD34B,2793
Serinc5,SERINC5,2794
Lhfpl2,LHFPL2,2795
Pde8b,PDE8B,2796
Sgtb,SGTB,2797
Il31ra,IL31RA,2798
3830406C13Rik,C3orf14,2799
Lrrc3b,LRRC3B,2800
Rarb,RARB,2801
Shisa2,SHISA2,2802
Mtmr6,MTMR6,2803
Spata13,SPATA13,2804
Fam167a,FAM167A,2805
Hmbox1,HMBOX1,2806
Scara3,SCARA3,2807
Pcdh17,PCDH17,2808
Tdrd3,TDRD3,2809
Pcdh20,PCDH20,2810
Stk24,STK24,2811
Itgbl1,ITGBL1,2812
Otulinl,FAM105A,2813
Them6,THEM6,2814
Mroh1,MROH1,2815
Arhgap39,ARHGAP39,2816
Ankrd54,ANKRD54,2817
Sun2,SUN2,2818
Mpped1,MPPED1,2819
Cerk,CERK,2820
Krt73,KRT73,2821
Soat2,SOAT2,2822
Uts2b,UTS2B,2823
Fam43a,FAM43A,2824
Adcy5,ADCY5,2825
Dirc2,DIRC2,2826
Impg2,IMPG2,2827
Rbm11,RBM11,2828
Setd4,SETD4,2829
Traf7,TRAF7,2830
Slc26a8,SLC26A8,2831
Adgrf5,GPR116,2832
Clic5,CLIC5,2833
Trerf1,TRERF1,2834
Dlgap1,DLGAP1,2835
Fez2,FEZ2,2836
Map4k3,MAP4K3,2837
Kcng3,KCNG3,2838
Svil,SVIL,2839
Zfp521,ZNF521,2840
Fhod3,FHOD3,2841
Lims2,LIMS2,2842
Apbb3,APBB3,2843
Grp,GRP,2844
Mapk4,MAPK4,2845
St8sia5,ST8SIA5,2846
Pla2g16,PLA2G16,2847
Ppp2r5b,PPP2R5B,2848
Rin1,RIN1,2849
Ndufs8,NDUFS8,2850
Eml3,EML3,2851
Trpm6,TRPM6,2852
Rorb,RORB,2853
Hectd2,HECTD2,2854
Ina,INA,2855
C1ql2,C1QL2,2856
Lct,LCT,2857
Igfn1,IGFN1,2858
Ascl5,ASCL5,2859
Lamc1,LAMC1,2860
Rasal2,RASAL2,2861
Aph1a,APH1A,2862
Suco,SUCO,2863
Rcsd1,RCSD1,2864
Fam78b,FAM78B,2865
Ndufs2,NDUFS2,2866
Vash2,VASH2,2867
Kcnq5,KCNQ5,2868
Kansl3,KANSL3,2869
Slc9a2,SLC9A2,2870
Plcl1,PLCL1,2871
Ndufs1,NDUFS1,2872
Dner,DNER,2873
Camk1d,CAMK1D,2874
Slc2a6,SLC2A6,2875
BC005624,C9orf78,2876
Qrfp,QRFP,2877
Slc25a25,SLC25A25,2878
Lrsam1,LRSAM1,2879
Gsn,GSN,2880
Gca,GCA,2881
Agps,AGPS,2882
P2rx3,P2RX3,2883
Lrp4,LRP4,2884
Vps18,VPS18,2885
Itpka,ITPKA,2886
Kat14,CSRP2BP,2887
Nrsn2,NRSN2,2888
Gdap1l1,GDAP1L1,2889
Slc35c2,SLC35C2,2890
Tshz2,TSHZ2,2891
Cbln4,CBLN4,2892
Qrfpr,QRFPR,2893
Gmps,GMPS,2894
Fhdc1,FHDC1,2895
Fam160a1,FAM160A1,2896
Syt11,SYT11,2897
Msto1,MSTO1,2898
Vangl1,VANGL1,2899
Slc16a4,SLC16A4,2900
Slc35a3,SLC35A3,2901
Rap1gds1,RAP1GDS1,2902
Car9,CA9,2903
Shb,SHB,2904
Zfp189,ZNF189,2905
Aldob,ALDOB,2906
Megf9,MEGF9,2907
Focad,FOCAD,2908
Leprot,LEPROT,2909
Yipf1,YIPF1,2910
Zfyve9,ZFYVE9,2911
Atpaf1,ATPAF1,2912
Hcrtr1,HCRTR1,2913
Igsf21,IGSF21,2914
Fbxo44,FBXO44,2915
Fbxo2,FBXO2,2916
Ajap1,AJAP1,2917
Samd11,SAMD11,2918
Gckr,GCKR,2919
Zfyve28,ZFYVE28,2920
Tnip2,TNIP2,2921
Ablim2,ABLIM2,2922
Sel1l3,SEL1L3,2923
Chrna9,CHRNA9,2924
Slc10a4,SLC10A4,2925
Uba6,UBA6,2926
Grsf1,GRSF1,2927
Fras1,FRAS1,2928
Tmem150c,TMEM150C,2929
Galnt9,GALNT9,2930
Fbxo21,FBXO21,2931
Adap1,ADAP1,2932
Vopp1,VOPP1,2933
Ccser1,CCSER1,2934
Elmod3,ELMOD3,2935
Cyp26b1,CYP26B1,2936
Txnrd3,TXNRD3,2937
Iqsec1,IQSEC1,2938
Fgd5,FGD5,2939
Gxylt2,GXYLT2,2940
Ppp4r2,PPP4R2,2941
Slc6a1,SLC6A1,2942
Stk38l,STK38L,2943
Ccdc136,CCDC136,2944
Tspan33,TSPAN33,2945
Galp,GALP,2946
Zscan22,ZSCAN22,2947
Ap2s1,AP2S1,2948
Atp1a3,ATP1A3,2949
Zfp790,ZNF790,2950
Alkbh6,ALKBH6,2951
Arhgap33,ARHGAP33,2952
Dpy19l3,DPY19L3,2953
Ctu1,CTU1,2954
Adamts17,ADAMTS17,2955
Dchs1,DCHS1,2956
Galnt18,GALNT18,2957
Plekha7,PLEKHA7,2958
Tmem159,TMEM159,2959
Vwa3a,VWA3A,2960
Tnrc6a,TNRC6A,2961
Sez6l2,SEZ6L2,2962
Gpr26,GPR26,2963
Arhgef10,ARHGEF10,2964
Dkk4,DKK4,2965
Psd3,PSD3,2966
Mpv17l2,MPV17L2,2967
Inpp4b,INPP4B,2968
Cpne2,CPNE2,2969
Tat,TAT,2970
Ddx19b,DDX19B,2971
Aars,AARS,2972
Klhl36,KLHL36,2973
6430548M08Rik,KIAA0513,2974
Slc36a4,SLC36A4,2975
Kank2,KANK2,2976
7-Sep,39326,2977
Igsf9b,IGSF9B,2978
Ntm,NTM,2979
Adamts15,ADAMTS15,2980
Scn3b,SCN3B,2981
Sc5d,SC5D,2982
Zbtb16,ZBTB16,2983
Dlat,DLAT,2984
Snx33,SNX33,2985
Cplx3,CPLX3,2986
Coro2b,CORO2B,2987
Fam214a,FAM214A,2988
Cd109,CD109,2989
Pxylp1,ACPL2,2990
Camkv,CAMKV,2991
Plxnb1,PLXNB1,2992
Dync1li1,DYNC1LI1,2993
Sytl5,SYTL5,2994
Slc9a7,SLC9A7,2995
Usp11,USP11,2996
Ints6l,DDX26B,2997
Mmgt1,MMGT1,2998
Slc9a6,SLC9A6,2999
Pcyt1b,PCYT1B,3000
Pdk3,PDK3,3001
Stard8,STARD8,3002
Glra2,GLRA2,3003
Lrrc3,LRRC3,3004
Mex3d,MEX3D,3005
Ric8b,RIC8B,3006
Osbpl8,OSBPL8,3007
Col23a1,COL23A1,3008
Dnah9,DNAH9,3009
Rtn4rl1,RTN4RL1,3010
Ttll6,TTLL6,3011
Sdk2,SDK2,3012
Fn3krp,FN3KRP,3013
Kcns3,KCNS3,3014
Syt16,SYT16,3015
Cntnap3,CNTNAP3,3016
Cdh24,CDH24,3017
Kctd12,KCTD12,3018
Slitrk6,SLITRK6,3019
Abcc4,ABCC4,3020
Rxfp3,RXFP3,3021
Rspo2,RSPO2,3022
Tmem74,TMEM74,3023
Apol8,APOL2,3024
Foxred2,FOXRED2,3025
Cacna1i,CACNA1I,3026
A4galt,A4GALT,3027
Slc2a13,SLC2A13,3028
Ccdc184,C12orf68,3029
Liph,LIPH,3030
Ostn,OSTN,3031
Mb21d2,MB21D2,3032
Gpr156,GPR156,3033
Cadm2,CADM2,3034
Arid1b,ARID1B,3035
Dact2,DACT2,3036
Cpne5,CPNE5,3037
Jcad,KIAA1462,3038
Gpr151,GPR151,3039
Setbp1,SETBP1,3040
Fam69c,FAM69C,3041
Dmrt3,DMRT3,3042
Kcnv2,KCNV2,3043
Dusp5,DUSP5,3044
St18,ST18,3045
Sulf1,SULF1,3046
Brinp2,BRINP2,3047
Gpr161,GPR161,3048
Adamts4,ADAMTS4,3049
Asic4,ASIC4,3050
Cdh7,CDH7,3051
St8sia6,ST8SIA6,3052
Pde11a,PDE11A,3053
Zfp804a,ZNF804A,3054
D430041D05Rik,KIAA1549L,3055
Pak7,PAK7,3056
Kcng1,KCNG1,3057
Slc7a14,SLC7A14,3058
Ppm1l,PPM1L,3059
Pde5a,PDE5A,3060
Manea,MANEA,3061
Lingo2,LINGO2,3062
Gabbr2,GABBR2,3063
Grin3a,GRIN3A,3064
Zfp462,ZNF462,3065
Palm2,PALM2,3066
Bnc2,BNC2,3067
Kank4,KANK4,3068
Podn,PODN,3069
Rims3,RIMS3,3070
Lrrc38,LRRC38,3071
Fbxl5,FBXL5,3072
Kctd8,KCTD8,3073
Sbno1,SBNO1,3074
Adgrd1,GPR133,3075
Elfn1,ELFN1,3076
Slc29a4,SLC29A4,3077
Tmem130,TMEM130,3078
Stard13,STARD13,3079
Gprin3,GPRIN3,3080
Cfap100,CCDC37,3081
Grip2,GRIP2,3082
Slc6a11,SLC6A11,3083
Iqsec3,IQSEC3,3084
Ano2,ANO2,3085
Styk1,STYK1,3086
Ppp1r9a,PPP1R9A,3087
Plxna4,PLXNA4,3088
Chrm2,CHRM2,3089
E330009J07Rik,KIAA1147,3090
Hspb6,HSPB6,3091
Tshz3,TSHZ3,3092
Zfp536,ZNF536,3093
Chd2,CHD2,3094
Myo16,MYO16,3095
Dlgap2,DLGAP2,3096
Ppp1r3b,PPP1R3B,3097
Sgcz,SGCZ,3098
Tox3,TOX3,3099
Mtss1l,MTSS1L,3100
Sipa1l2,SIPA1L2,3101
Olfm2,OLFM2,3102
Dpy19l1,DPY19L1,3103
Layn,LAYN,3104
Peak1,PEAK1,3105
Prss35,PRSS35,3106
Mrap2,MRAP2,3107
Slc35g2,SLC35G2,3108
Dclk3,DCLK3,3109
Gpr101,GPR101,3110
Slitrk4,SLITRK4,3111
Pcdh11x,PCDH11X,3112
Mum1l1,MUM1L1,3113
Gucy2f,GUCY2F,3114
Trappc1,TRAPPC1,3115
Slc36a2,SLC36A2,3116
Vwa1,VWA1,3117
Lgi2,LGI2,3118
Neto1,NETO1,3119
Tox,TOX,3120
Cables2,CABLES2,3121
Nod2,NOD2,3122
Klk8,KLK8,3123
Srgap3,SRGAP3,3124
Cdc42ep3,CDC42EP3,3125
Cdk8,CDK8,3126
Samd3,SAMD3,3127
Zbtb24,ZBTB24,3128
Kcnc2,KCNC2,3129
Fam19a2,FAM19A2,3130
Krt222,KRT222,3131
Mgat5b,MGAT5B,3132
Greb1,GREB1,3133
Gphn,GPHN,3134
Tmem229b,TMEM229B,3135
Frmpd2,FRMPD2,3136
Wdfy2,WDFY2,3137
Egflam,EGFLAM,3138
Mtmr12,MTMR12,3139
Abat,ABAT,3140
Atp13a5,ATP13A5,3141
Lsamp,LSAMP,3142
Robo2,ROBO2,3143
Grm4,GRM4,3144
Strn,STRN,3145
Sh3rf2,SH3RF2,3146
Stk32a,STK32A,3147
Kif26b,KIF26B,3148
Fam171a1,FAM171A1,3149
Acvr1c,ACVR1C,3150
Rtn4rl2,RTN4RL2,3151
Vps39,VPS39,3152
Plch1,PLCH1,3153
Plekhg5,PLEKHG5,3154
Chd5,CHD5,3155
Plch2,PLCH2,3156
Lhfpl3,LHFPL3,3157
Nat8l,NAT8L,3158
Ppp2r2c,PPP2R2C,3159
Orai2,ORAI2,3160
Cntn4,CNTN4,3161
Pon3,PON3,3162
Tspan12,TSPAN12,3163
Adamtsl3,ADAMTSL3,3164
Gsg1l,GSG1L,3165
Galntl6,GALNTL6,3166
Ogfod1,OGFOD1,3167
Mon1b,MON1B,3168
Vat1l,VAT1L,3169
Fat3,FAT3,3170
Elmod1,ELMOD1,3171
Ephb1,EPHB1,3172
Map3k15,MAP3K15,3173
Adamts16,ADAMTS16,3174
Galnt13,GALNT13,3175
Arsj,ARSJ,3176
Tbck,TBCK,3177
Tmem255b,TMEM255B,3178
Esyt3,ESYT3,3179
Eif5a,EIF5A,3180
D11Wsu47e,C17orf80,3181
Trp53i11,TP53I11,3182
Kiss1,KISS1,3183
B3gat2,B3GAT2,3184
Hist3h2a,HIST3H2A,3185
Hist1h2bg,HIST1H2BC,3186
Gpr4,GPR4,3187
Nol4,NOL4,3188
Npsr1,NPSR1,3189
Sf3b2,SF3B2,3190
Pld5,PLD5,3191
Itga11,ITGA11,3192
Nrcam,NRCAM,3193
Dusp4,DUSP4,3194
Trmt9b,KIAA1456,3195
Sybu,SYBU,3196
Galm,GALM,3197
Podxl2,PODXL2,3198
Frmd6,FRMD6,3199
Ablim3,ABLIM3,3200
Rfx7,RFX7,3201
Atp10b,ATP10B,3202
Tigar,C12orf5,3203
Nwd2,KIAA1239,3204
Dock6,DOCK6,3205
Dsel,DSEL,3206
Vwc2,VWC2,3207
Apba1,APBA1,3208
Tns3,TNS3,3209
Auts2,AUTS2,3210
Sidt1,SIDT1,3211
Uggt1,UGGT1,3212
Fstl4,FSTL4,3213
Exph5,EXPH5,3214
Olfml2b,OLFML2B,3215
Relt,RELT,3216
Grk3,ADRBK2,3217
Zmat4,ZMAT4,3218
Hook3,HOOK3,3219
Tmem91,TMEM91,3220
Ccdc171,CCDC171,3221
Scai,SCAI,3222
Rasgef1b,RASGEF1B,3223
Rnf152,RNF152,3224
Lypd6,LYPD6,3225
Itpkb,ITPKB,3226
Cadps2,CADPS2,3227
Gchfr,GCHFR,3228
Heatr5b,HEATR5B,3229
A830018L16Rik,C8orf34,3230
Tmem215,TMEM215,3231
Cachd1,CACHD1,3232
Islr2,ISLR2,3233
Strip2,STRIP2,3234
Casc1,CASC1,3235
Fam19a4,FAM19A4,3236
Bend6,BEND6,3237
Soga1,SOGA1,3238
Pptc7,PPTC7,3239
Chd7,CHD7,3240
Negr1,NEGR1,3241
L3mbtl4,L3MBTL4,3242
Cdh18,CDH18,3243
Cdh10,CDH10,3244
Itgb8,ITGB8,3245
Atp11c,ATP11C,3246
Enpp6,ENPP6,3247
Arl4c,ARL4C,3248
Mettl24,METTL24,3249
Zmiz1,ZMIZ1,3250
Vwa5b2,VWA5B2,3251
Ubash3a,UBASH3A,3252
Pkd2l1,PKD2L1,3253
Fat4,FAT4,3254
Sertm1,SERTM1,3255
Fnip2,FNIP2,3256
Fam102b,FAM102B,3257
Thsd7a,THSD7A,3258
B4galnt3,B4GALNT3,3259
Far2,FAR2,3260
Tmem145,TMEM145,3261
Ctxn1,CTXN1,3262
Hapln4,HAPLN4,3263
Slc7a6,SLC7A6,3264
Opcml,OPCML,3265
AI593442,C11orf87,3266
Ankrd34c,ANKRD34C,3267
Slc9a9,SLC9A9,3268
Zdhhc23,ZDHHC23,3269
Gpd1l,GPD1L,3270
Frmpd4,FRMPD4,3271
N4bp2,N4BP2,3272
Nell1,NELL1,3273
Ust,UST,3274
Morc3,MORC3,3275
Fa2h,FA2H,3276
Slc2a12,SLC2A12,3277
Nr1d2,NR1D2,3278
Edc3,EDC3,3279
Prune2,PRUNE2,3280
Pcdhac1,PCDHAC1,3281
Sfmbt2,SFMBT2,3282
Col27a1,COL27A1,3283
Nefh,NEFH,3284
Rap1gap2,RAP1GAP2,3285
Dgkh,DGKH,3286
Fam189a2,FAM189A2,3287
Stum,C1orf95,3288
Iars2,IARS2,3289
Lonrf2,LONRF2,3290
Rxfp1,RXFP1,3291
Pdp1,PDP1,3292
Vgf,VGF,3293
Drc1,DRC1,3294
Plpp4,PPAPDC1A,3295
Crtc1,CRTC1,3296
Cdkl5,CDKL5,3297
Ankfn1,ANKFN1,3298
Kcnf1,KCNF1,3299
Kctd16,KCTD16,3300
Fndc5,FNDC5,3301
Irs2,IRS2,3302
Nxpe3,NXPE3,3303
Tmtc1,TMTC1,3304
Tas2r144,TAS2R40,3305
Scn4b,SCN4B,3306
Flrt2,FLRT2,3307
Fam84b,FAM84B,3308
Panx2,PANX2,3309
Tmem204,TMEM204,3310
Plcxd2,PLCXD2,3311
Acsl5,ACSL5,3312
Sgpp2,SGPP2,3313
Creg1,CREG1,3314
Syndig1,SYNDIG1,3315
Ociad2,OCIAD2,3316
Fam222a,FAM222A,3317
Rufy4,RUFY4,3318
Arhgap27,ARHGAP27,3319
Iqgap2,IQGAP2,3320
Kalrn,KALRN,3321
Baiap3,BAIAP3,3322
Gm13889,C11orf96,3323
Arhgef26,ARHGEF26,3324
Fam196a,FAM196A,3325
Ptchd4,PTCHD4,3326
Fam124a,FAM124A,3327
Nova1,NOVA1,3328
Frmpd1,FRMPD1,3329
Stard9,STARD9,3330
Zkscan16,ZNF483,3331